C,form,N,D,Q,L,C_train,C_Q,C_attn,C_total,s_train,s_Q,s_attn
1e+17,exp,0.02433522594832688,0.6026028606682002,0.4000000000000001,4.823509490748936,8.798686062881277e+16,0.0,1.2013139371187238e+16,1e+17,0.8798686062881277,0.0,0.12013139371187238
1.1220184543019653e+17,exp,0.0257953083031838,0.6378607057873259,0.4,4.772360346555927,9.872288136162293e+16,0.0,1.3478964068573582e+16,1.1220184543019651e+17,0.8798686062881277,0.0,0.12013139371187234
1.2589254117941714e+17,exp,0.027343398946699866,0.6751714552479058,0.40000000000000013,4.722053580732527,1.1076889474960442e+17,30.182516064401227,1.5123646429812656e+16,1.258925411794171e+17,0.8798686062881275,2.3974824704973025e-16,0.12013139371187233
1.4125375446227498e+17,exp,0.028984831049100813,0.7146539504355841,0.4,4.672575105923528,1.2428474407168722e+17,0.0,1.6969010390587696e+16,1.4125375446227491e+17,0.8798686062881277,0.0,0.12013139371187237
1.584893192461111e+17,exp,0.0307252540565167,0.756434083941302,0.4000000000000001,4.623911072420053,1.394497764366299e+17,0.0,1.9039542809481204e+16,1.584893192461111e+17,0.8798686062881277,0.0,0.12013139371187237
1.778279410038923e+17,exp,0.032570675143659175,0.800644659242618,0.4000000000000001,4.576047864131545,1.5646522261018205e+17,0.0,2.1362718393710188e+16,1.7782794100389222e+17,0.8798686062881277,0.0,0.12013139371187237
1.995262314968883e+17,exp,0.03452745947207966,0.8474263185945852,0.4000000000000001,4.528972094626171,1.755568672250892e+17,0.0,2.396936427179885e+16,1.9952623149688806e+17,0.8798686062881277,0.0,0.12013139371187236
2.238721138568347e+17,exp,0.03660236423589509,0.8969276935979013,0.4,4.482670603238527,1.9697804480599018e+17,0.0,2.689406905084452e+16,2.238721138568347e+17,0.8798686062881277,0.0,0.12013139371187234
2.511886431509572e+17,exp,0.038802552412360754,0.9493061135768383,0.4,4.437130451243478,2.2101300136463853e+17,0.0,3.017564178631865e+16,2.511886431509572e+17,0.8798686062881276,0.0,0.12013139371187236
2.8183829312644493e+17,exp,0.041135633756374676,1.0047277081813968,0.4000000000000001,4.392338918095003,2.479806661717898e+17,0.0,3.385762695465504e+16,2.8183829312644483e+17,0.8798686062881276,0.0,0.12013139371187238
3.1622776601683795e+17,exp,0.04360967217662191,1.063368399208775,0.4,4.348283497728984,2.7823888375484336e+17,0.0,3.7988882261994616e+16,3.1622776601683795e+17,0.8798686062881277,0.0,0.12013139371187238
3.5481338923357606e+17,exp,0.046233238401105804,1.1254138547425314,0.4,4.304951894928767,3.121891622773135e+17,0.0,4.2624226956262536e+16,3.54813389233576e+17,0.8798686062881277,0.0,0.12013139371187237
3.9810717055349856e+17,exp,0.04901541140006981,1.1910607681094827,0.4,4.262332021752509,3.502820013082167e+17,0.0,4.782516924528186e+16,3.9810717055349856e+17,0.8798686062881277,0.0,0.12013139371187237
4.4668359215096166e+17,exp,0.05196582989680943,1.2605169924739705,0.4,4.220411994021217,3.9302286967764096e+17,0.0,5.366072247332058e+16,4.4668359215096154e+17,0.8798686062881277,0.0,0.12013139371187236
5.011872336272715e+17,exp,0.0550947238912966,1.334002246782266,0.4,4.179180127866438,4.409789127410295e+17,0.0,6.02083208862419e+16,5.011872336272714e+17,0.8798686062881276,0.0,0.12013139371187237
5.6234132519034906e+17,exp,0.05841295727896058,1.4117486402047117,0.4,4.138624936336638,4.947864780534511e+17,0.0,6.755484713689786e+16,5.623413251903489e+17,0.8798686062881277,0.0,0.12013139371187237
6.309573444801943e+17,exp,0.06275169776328031,1.4539917595821874,0.4088793704276602,4.098647011324173,5.474427086856093e+17,8770457968709761.0,7.474417782587518e+16,6.309573444801942e+17,0.8676382222582933,0.013900239129374405,0.11846153861233231
7.079457843841403e+17,exp,0.06793853875323416,1.4727509963707412,0.4244400305251344,4.05883954774276,6.00339303844787e+17,2.5640154254411824e+16,8.19663262849416e+16,7.079457843841403e+17,0.8480018061934461,0.036217680534275425,0.11578051327227855
7.943282347242789e+17,exp,0.07332538311229139,1.5003706364318559,0.4394049951230603,4.019215490399535,6.600915103607898e+17,4.411223014889569e+16,9.012449421459317e+16,7.943282347242787e+17,0.8310059765027941,0.05553400750535778,0.11346001599184816
8.912509381337441e+17,exp,0.07894148801290794,1.5355810461320554,0.4538929323726565,3.9798333413653646,7.273263164764938e+17,6.462033524765972e+16,9.93042864095906e+16,8.912509381337441e+17,0.8160735493860976,0.07250520867105396,0.11142124194284848
1e+18,exp,0.08481263974364825,1.5775870246665982,0.4679894908661117,3.9407394156412217,8.027959199238126e+17,8.759567714258958e+16,1.0960840293359789e+17,1e+18,0.8027959199238126,0.08759567714258959,0.10960840293359789
1.1220184543019653e+18,exp,0.09096271876596873,1.6258927989464842,0.48175875255456896,3.9019708946166953,8.873737764850967e+17,1.1348857820077003e+17,1.2115609961609853e+17,1.1220184543019653e+18,0.7908727107676258,0.10114680178890106,0.10798048744347316
1.2589254117941714e+18,exp,0.09741465209662324,1.6802020033541258,0.49525020995820734,3.8635579015223582,9.820577616527493e+17,1.4278403041710016e+17,1.3408361972432205e+17,1.2589254117941714e+18,0.780076208210905,0.11341738682803292,0.10650640496106223
1.4125375446227497e+18,exp,0.10419099563516318,1.7403586960475497,0.5085029121840983,3.8255249730375787,1.0879782318210511e+18,1.760140182170644e+17,1.485452945846342e+17,1.4125375446227497e+18,0.770229602719424,0.124608382189284,0.10516201509129204
1.5848931924611108e+18,exp,0.11131439913876107,1.8063090635238739,0.5215483278351766,3.787892138709723,1.2064092483903493e+18,2.137688680238656e+17,1.6471507604689568e+17,1.5848931924611105e+18,0.7611927757207221,0.1348790373008754,0.10392818697840257
1.7782794100389228e+18,exp,0.11880779328333867,1.8780790890783472,0.5344121567433833,3.7506757349778965,1.3387825931098875e+18,2.567083668830985e+17,1.8278845004593664e+17,1.7782794100389228e+18,0.7528527775511861,0.14435772322049192,0.10278949922832194
1.995262314968883e+18,exp,0.12669471699456988,1.955756478606802,0.5471158410596577,3.7138890333917622,1.486704081404312e+18,3.055735696501689e+17,2.0298466391440208e+17,1.995262314968883e+18,0.7451171057814009,0.1531495720425785,0.10173332217602062
2.238721138568347e+18,exp,0.13499941238772847,2.0394814137859556,0.5596773608234461,3.677542734968573,1.6519727546207862e+18,3.6119903718333606e+17,2.255493467642247e+17,2.238721138568347e+18,0.7379091241695319,0.16134168341052132,0.10074919241994677
2.511886431509572e+18,exp,0.14374702488302224,2.1294384923648666,0.5721119279648217,3.64164536572327,1.8366026876930268e+18,4.245262568568574e+17,2.5075748695968797e+17,2.511886431509572e+18,0.7311646994284217,0.16900694694295126,0.09982835362862717
2.818382931264449e+18,exp,0.15296365417717583,2.2258520146336687,0.5844327025343866,3.6062035976795883,2.0428467468959677e+18,4.966195085256184e+17,2.7891667584286282e+17,2.818382931264449e+18,0.7248293779509436,0.1762072509794875,0.09896337106956885
3.1622776601683794e+18,exp,0.16267659085388636,2.3289817005228466,0.5966509940620002,3.571222512646557,2.2732248192128617e+18,5.786818789723218e+17,3.103709619831961e+17,3.1622776601683794e+18,0.7188568062337135,0.1829952778218435,0.09814791594444304
3.5481338923357604e+18,exp,0.17291424180606813,2.4391222470752707,0.6087766880323695,3.5367058213176112,2.5305538441520015e+18,6.72075096662205e+17,3.455049515215533e+17,3.54813389233576e+18,0.7132069761003639,0.1894164980960664,0.09737652580356969
3.9810717055349857e+18,exp,0.18370640434312263,2.5566001341438342,0.6208184224078084,3.5026560469904062,2.8179829079202524e+18,7.783401979200175e+17,3.847485996947118e+17,3.9810717055349816e+18,0.7078453030630776,0.19551021822537687,0.09664447871154554
4.4668359215096166e+18,exp,0.19508424138860814,2.681774040706425,0.6327838638285403,3.469074680909434,3.1390311258412513e+18,8.99222412620173e+17,4.285823830481922e+17,4.4668359215096166e+18,0.7027415336044806,0.20131082234072098,0.09594764405479841
5.011872336272715e+18,exp,0.20708042955069642,2.8150343401262488,0.644679787532032,3.4359623145850082,3.497631122119829e+18,1.0366979782794556e+18,4.775432358734273e+17,5.011872336272712e+18,0.6978691569628026,0.20684844080654285,0.09528240223065465
5.623413251903491e+18,exp,0.2197292396200651,2.9568031475883636,0.656512284049173,3.403318753237867,3.8981766439548375e+18,1.1930055568273528e+18,5.322310511213005e+17,5.623413251903491e+18,0.6932047262639516,0.21214972177681016,0.0946455519592382
6.309573444801943e+18,exp,0.2330666666155188,3.107534962043952,0.6682867644023147,3.3711431136249237,4.3455768899685996e+18,1.370680456789631e+18,5.933160980437129e+17,6.309573444801943e+18,0.688727523022756,0.2172382125005372,0.09403426447670696
7.079457843841402e+18,exp,0.24713042905263244,3.2677179375781154,0.6800081727152473,3.3394339088291294,4.845315215619977e+18,1.572595590782109e+18,6.615470374393143e+17,7.0794578438414e+18,0.6844189657595094,0.22213503144879235,0.09344600279169836
7.943282347242789e+18,exp,0.2619601500748482,3.4378748216322252,0.6916809105081321,3.308189122083397,5.403517225279918e+18,1.8020049034713157e+18,7.377602184915514e+17,7.943282347242786e+18,0.6802625147972422,0.2268589765157743,0.09287850868698345
8.91250938133744e+18,exp,0.277597495375337,3.618562879092968,0.703309089430799,3.2774062713025542,6.027023952566258e+18,2.0625957584474675e+18,8.228896703237132e+17,8.912509381337438e+18,0.6762432099299316,0.2314270504743018,0.09232973959576667
1e+19,exp,0.2940861529676743,3.8103776626190795,0.7148963947016942,3.2470824656880852,6.723475848921624e+18,2.35854558183894e+18,9.179785692394323e+17,9.999999999999996e+18,0.6723475848921626,0.23585455818389411,0.09179785692394327
1.1220184543019653e+19,exp,0.3114720595847831,4.013952753018646,0.7264462576363909,3.2172144555262174,7.501404786352367e+18,2.694587956503977e+18,1.02419180016331e+18,1.1220184543019653e+19,0.6685634053157504,0.24015540441180577,0.09128119027244382
1.2589254117941713e+19,exp,0.32980348404490284,4.229962399903284,0.7379618106379991,3.187798676105047,8.37033802120225e+18,3.0760859455779814e+18,1.1428301511614807e+18,1.2589254117941713e+19,0.6648795824427097,0.24434219190111223,0.09077822565617798
1.4125375446227497e+19,exp,0.3491310606879259,4.4591234952616,0.7494460384593877,3.1588312865190087,9.340911093834803e+18,3.509118624381112e+18,1.275345728011578e+18,1.4125375446227493e+19,0.6612858631187399,0.2484265737034482,0.09028756317781193
1.5848931924611109e+19,exp,0.3695081217975398,4.702196274907263,0.7609017100634458,3.1303082040003054,1.0424998283186225e+19,4.000573875827189e+18,1.4233597655976924e+18,1.5848931924611107e+19,0.6577729232969766,0.25241914690887624,0.08980792979414719
1.7782794100389229e+19,exp,0.3909905260786983,4.95998950025525,0.7723314044459133,3.102225134310174,1.1635853424297718e+19,4.5582588218940575e+18,1.5886818541974487e+18,1.7782794100389224e+19,0.6543321234340241,0.2563297306464504,0.08933814591952544
1.9952623149688828e+19,exp,0.4136371638357975,5.233358026445278,0.7837376810911134,3.074577598632456,1.2988268228376787e+19,5.191023365864332e+18,1.7733315554477107e+18,1.9952623149688828e+19,0.6509554222989145,0.26016746404320723,0.08887711365787845
2.238721138568347e+19,exp,0.4375097166322796,5.523210414038159,0.7951229112494846,3.0473609573336007,1.4498749338877745e+19,5.908899470404281e+18,1.9795625764014418e+18,2.238721138568347e+19,0.6476353436386292,0.2639408441099099,0.08842381225146086
2.511886431509572e+19,exp,0.46267316658985663,5.830506216765734,0.8064895029002955,3.0205704308825534,1.6185712644797082e+19,6.723262370529007e+18,2.2098892997696284e+18,2.5118864315095716e+19,0.6443648264412151,0.26765789592201106,0.0879772776367739
2.8183829312644493e+19,exp,0.48919576043780566,6.156261630482967,0.8178397758118698,2.9942011181570938,1.8069702538669201e+19,7.647010054028987e+18,2.467116719946302e+18,2.818382931264449e+19,0.6411372400187773,0.2713261554773257,0.08753660450389707
3.162277660168379e+19,exp,0.517149227955008,6.5015502483640555,0.8291761099302811,2.9682480122952604,2.017363014871297e+19,8.694773483333211e+18,2.754372969637611e+18,3.1622776601683788e+19,0.6379461994377433,0.2749528794656902,0.08710092109656657
3.5481338923357606e+19,exp,0.5466091253990971,6.867503441631616,0.8405009991811032,2.942706014175367,2.252304029943328e+19,9.883152855041704e+18,3.075145768882624e+18,3.5481338923357606e+19,0.6347855234010408,0.27854509313727044,0.08666938346168877
3.981071705534986e+19,exp,0.5776548053320558,7.255314779349032,0.8518170482241073,2.9175699435168965,2.5146404678925914e+19,1.1230989924261245e+19,3.433322452162685e+18,3.981071705534984e+19,0.6316491271424284,0.28210971203172547,0.08624116082584622
4.466835921509617e+19,exp,0.6103699330679982,7.666237838452416,0.8631270929525128,2.8928345474726163,2.807544645803734e+19,1.2759678467321442e+19,3.8332342897373655e+18,4.466835921509615e+19,0.6285309546035204,0.2856536190612789,0.08581542633520066
5.011872336272715e+19,exp,0.6448427605925144,8.101584930521403,0.8744343701897025,2.8684945064048954,3.1345490350632817e+19,1.4493528729554582e+19,4.279704282539734e+18,5.011872336272713e+19,0.6254247564083844,0.28918391684999095,0.08539132674162474
5.6234132519034905e+19,exp,0.6811664913137938,8.562724602119694,0.8857426469532677,2.8445444362610703,3.4995846439873036e+19,1.6460186511904537e+19,4.778099567257332e+18,5.6234132519034905e+19,0.6223239316091016,0.2927081075952024,0.084967960795696
6.309573444801943e+19,exp,0.7194398801562801,9.051073976103345,0.8970564676714817,2.8209788864962935,3.9070221459920495e+19,1.869112541810445e+19,5.334387569994478e+18,6.309573444801942e+19,0.61922128019776,0.2962343743459058,0.08454434545633416
7.0794578438414025e+19,exp,0.7597678594402238,9.568083397600814,0.9083816985854931,2.797792331658605,4.361713345164429e+19,2.1222252366171906e+19,5.955192620597834e+18,7.0794578438414025e+19,0.6161083858926842,0.299772282486768,0.08411933162054781
7.94328234724279e+19,exp,0.802263205918128,10.115205099086563,0.919726180096524,2.7749791531560137,4.869034122787549e+19,2.4094627655573135e+19,6.647854588979268e+18,7.94328234724279e+19,0.6129750788070187,0.30333339043319635,0.08369153075978496
8.91250938133744e+19,exp,0.8470479045918692,10.693844862804447,0.9311010189166335,2.7525336044286726,5.434919329841418e+19,2.735542398995005e+19,7.420476525010151e+18,8.912509381337439e+19,0.6098079785724543,0.30693290541978663,0.0832591160077591
1e+20,exp,0.8942576973616752,11.305240803040435,0.9425233288347517,2.7304497452560947,6.065879165187717e+19,3.1059261327919854e+19,8.281947020202964e+18,9.999999999999998e+19,0.6065879165187718,0.31059261327919857,0.08281947020202965
1.1220184543019654e+20,exp,0.9440492490322534,11.95022221893854,0.9540219090982768,2.7087213116513866,6.768958986934487e+19,3.5270370224023785e+19,9.241885336827886e+18,1.1220184543019654e+20,0.6032841047294198,0.3143475055048567,0.08236838976572346
1.2589254117941713e+20,exp,0.9966226491884476,12.628530562183458,0.9656526695447594,2.6873414287953055,7.551527750544332e+19,4.006691111856395e+19,1.0310352555409863e+19,1.2589254117941713e+20,0.5998391707561284,0.31826278779663486,0.08189804144723674
1.4125375446227496e+20,exp,1.0522925344366738,13.336530366871488,0.9775524263198155,2.6663018375351557,8.420358804208117e+19,4.555356986618155e+19,1.1496596554012148e+19,1.4125375446227486e+20,0.5961157518441021,0.32249457750411653,0.08138967065178139
1.5848931924611108e+20,exp,1.111981095824172,14.051748907811339,0.990308346217694,2.6455896549674445,9.3751674892525e+19,5.193741567492666e+19,1.2800228678659412e+19,1.5848931924611108e+20,0.5915330783075807,0.32770293873415746,0.08076398295826169
1.778279410038923e+20,exp,1.1707298997832607,14.934115329295134,0.9999999999999998,2.6251740537689168,1.0490289205690409e+20,5.860230741815222e+19,1.4322741528835971e+19,1.778279410038923e+20,0.5899123133557959,0.32954499212735944,0.08054269451684466
1.995262314968883e+20,exp,1.2192727800433425,16.30313251560522,0.9999999999999999,2.6052363758260495,1.1926779423430194e+20,6.397440775646298e+19,1.628402950612336e+19,1.995262314968883e+20,0.5977549585311642,0.3206315644640474,0.0816134770047883
2.238721138568347e+20,exp,1.2702232192511507,17.78744506535762,0.9999999999999999,2.5858013637758837,1.355641543990293e+20,6.979893357719113e+19,1.8509025880614134e+19,2.2387211385683457e+20,0.6055428345386603,0.31178038378566125,0.08267678167567842
2.5118864315095718e+20,exp,1.323717871385161,19.3956785065464,1.0,2.566853157716753,1.5404643760053908e+20,7.610973193669108e+19,2.103247361372694e+19,2.511886431509571e+20,0.6132699140699671,0.3029983003290134,0.08373178560101953
2.818382931264449e+20,exp,1.3799008630720897,21.137011491595306,1.0,2.5483764336061263,1.7500188240010225e+20,8.294282038264868e+19,2.3893590343693963e+19,2.8183829312644488e+20,0.6209301101663599,0.29429223212559313,0.08477765770804702
3.1622776601683794e+20,exp,1.4389253465988983,23.021193394980127,0.9999999999999999,2.530356386442932,1.9875467210995227e+20,9.03364560081402e+19,2.713663789874548e+19,3.1622776601683794e+20,0.6285174594673932,0.2856689567333253,0.08581358379928142
3.54813389233576e+20,exp,1.5009535738779969,25.058577488825254,1.0,2.51277871398717,2.256705686289059e+20,9.833126563453687e+19,3.081155497013329e+19,3.54813389233576e+20,0.6360260787124509,0.27713516067400923,0.08683876061353998
3.9810717055349857e+20,exp,1.5661578864819918,27.26014583119844,1.0,2.4956296009941155,2.5616215428108373e+20,1.0697034347457087e+20,3.4974672797843972e+19,3.9810717055349857e+20,0.6434502396049158,0.26869735434769304,0.08785240604739118
4.466835921509617e+20,exp,1.6347205903484372,29.63754921850202,1.0,2.4788957039410358,2.906946717297029e+20,1.162994079077633e+20,3.968951251349544e+19,4.466835921509616e+20,0.6507843064704724,0.2603619428860925,0.08885375064343518
5.0118723362727146e+20,exp,1.7068351302801088,32.2031337197371,1.0,2.462564136224956,3.297926396277315e+20,1.2636690560236705e+20,4.502768839717293e+19,5.0118723362727146e+20,0.658022825603326,0.25213512460763315,0.08984204978904077
5.6234132519034906e+20,exp,1.7827063720173808,34.96998038658974,1.0,2.44662245381072,3.740472411869781e+20,1.3722416733997552e+20,5.106991666339541e+19,5.62341325190349e+20,0.6651605073846661,0.24402291134041412,0.09081658127491976
6.309573444801943e+20,exp,1.8625520235922246,37.95193126865339,1.0,2.4310586413092428,4.241246783019804e+20,1.489255101007169e+20,5.790715607749705e+19,6.309573444801943e+20,0.6721923153955673,0.23603102714242463,0.09177665746200811
7.079457843841402e+20,exp,1.9466020223757161,41.16364805699629,1.0,2.4158610984666256,4.8077544333666714e+20,1.6152846718390655e+20,6.564187386356629e+19,7.0794578438414e+20,0.67911336424569,0.22816502442263184,0.09272161133167821
7.943282347242789e+20,exp,2.035100443668707,44.6206366465096,0.9999999999999999,2.401018627045564,5.4484486461655115e+20,1.750938845920808e+20,7.438948551564647e+19,7.943282347242784e+20,0.6859190455513317,0.2204301407627266,0.09365081368594183
8.91250938133744e+20,exp,2.1283063949762124,48.33928788011416,1.0,2.386520418081279,6.172848931430585e+20,1.8968608091355342e+20,8.427996407713227e+19,8.91250938133744e+20,0.6926050416683283,0.21283128330922274,0.09456367502244911
1e+21,exp,2.2264934358910544,52.33694889473617,1.0,2.3723560394950742,6.991672390121739e+20,2.0537312728803046e+20,9.545963369979548e+19,9.999999999999999e+20,0.6991672390121739,0.20537312728803048,0.0954596336997955
1.1220184543019653e+21,exp,2.329952393284532,56.6319390819612,1.0,2.35851542404947,7.91698332002156e+20,2.2222691003711468e+20,1.0809321226269435e+20,1.122018454301965e+21,0.7056018811158421,0.19805994204914165,0.09633817683501629
1.2589254117941712e+21,exp,2.438990740936179,61.24363080077861,0.9999999999999997,2.3449888576298124,8.962358907864769e+20,2.4032344738564705e+20,1.22366073622047e+20,1.258925411794171e+21,0.711905473024964,0.1908956997246942,0.09719882725034178
1.4125375446227498e+21,exp,2.553934508556709,66.1924889246011,1.0,2.331766967838186,1.0143076900307791e+21,2.5974304464643506e+20,1.3848680994553571e+20,1.4125375446227498e+21,0.7180748532257052,0.1838839934805452,0.09804115329374963
1.584893192461111e+21,exp,2.6751287151732654,71.50014338023966,1.0,2.318840712886416,1.1476325201729087e+21,2.8057057886726115e+20,1.5669009342094118e+20,1.584893192461111e+21,0.7241071673674114,0.17702806738135798,0.0988647652512306
1.7782794100389228e+21,exp,2.802939503901263,77.18943142389011,1.0,2.306201370775955,1.2981438397301947e+21,3.028956647242322e+20,1.772399055844959e+20,1.7782794100389228e+21,0.7299999271215658,0.1703307494954364,0.09966932338299776
1.995262314968883e+21,exp,2.937753809466223,83.28449910446314,1.0,2.293840528753417,1.468016127081737e+21,3.2681305266958454e+20,2.0043313521755983e+20,1.9952623149688813e+21,0.7357509416523174,0.16379452978075296,0.10045452856692973
2.238721138568347e+21,exp,3.0799813477275695,89.81085982585874,1.0,2.2817500730315214,1.6596946385221216e+21,3.524228587333383e+20,2.26603641312887e+20,2.2387211385683467e+21,0.7413583630087531,0.15742150849511846,0.10122012849612844
2.5118864315095717e+21,exp,3.2300567386630363,96.79545257506535,1.0,2.269922178766216,1.8759288231721692e+21,3.79830793013629e+20,2.561268153237735e+20,2.5118864315095717e+21,0.7468207159528266,0.15121336229574742,0.10196592175142594
2.818382931264449e+21,exp,3.3884396513473365,104.26675535837144,1.0,2.2583493002816764,2.119809649041829e+21,4.0914860480677426e+20,2.8942467741584438e+20,2.818382931264448e+21,0.7521368461065691,0.14517140317168065,0.10269175072175023
3.1622776601683794e+21,exp,3.5556166143439354,112.25486779508356,1.0,2.2470241615358666,2.394811637839086e+21,4.404944067096623e+20,3.269716156196299e+20,3.1622776601683784e+21,0.7573059342649792,0.139296562176709,0.10339750355831183
3.5481338923357606e+21,exp,3.732103233814096,120.79158901225719,1.0,2.235939746820204,2.7048400798211296e+21,4.7399298028305154e+20,3.693008322315783e+20,3.5481338923357595e+21,0.7623275112767844,0.13358937251689193,0.10408311620632364
3.9810717055349854e+21,exp,3.91844488161604,129.91054540926874,0.9999999999999999,2.2250892916877674,3.054283870361383e+21,5.09776277406927e+20,4.1701155776667425e+20,3.9810717055349844e+21,0.7672014211939301,0.128050011432392,0.10474856737367794
4.4668359215096167e+21,exp,4.115217932322646,139.64731677169192,0.9999999999999998,2.2144662741052676,3.4480748530776455e+21,5.4798391515843684e+20,4.707771532735346e+20,4.4668359215096167e+21,0.7719278060950872,0.12267831744606361,0.10539387645884926
5.011872336272714e+21,exp,4.3230339891183265,150.03948377658276,0.9999999999999996,2.2040644058247545,3.89175472845561e+21,5.887633622252974e+20,5.31354245591806e+20,5.011872336272713e+21,0.7765071548789438,0.11747373490825101,0.10601911021280515
5.623413251903491e+21,exp,4.542539544088067,161.12681800953857,1.0,2.1938776239717024,4.391549654528461e+21,6.322706845434096e+20,5.995929128316194e+20,5.62341325190349e+21,0.7809402328811509,0.11243539398947605,0.10662437312937316
6.309573444801943e+21,exp,4.774419138273065,172.95138236370408,1.0,2.1839000828467148,4.954454339688308e+21,6.786709392681894e+20,6.764481658454437e+20,6.309573444801941e+21,0.785228095533141,0.10756209515673416,0.10720980931012486
7.079457843841402e+21,exp,5.019395624726244,185.55773446228588,1.0,2.1741261459386148,5.588326082964672e+21,7.281389730159527e+20,7.629927878607766e+20,7.079457843841401e+21,0.7893720403782187,0.10285236370880846,0.1077755959129728
7.943282347242789e+21,exp,5.278236331842497,198.99295243682113,1.0,2.164550378147126,6.301990987995812e+21,7.808595230192827e+20,8.604318362276949e+20,7.943282347242789e+21,0.7933736599685783,0.09830438965704506,0.10832195037437657
8.912509381337441e+21,exp,5.551750728899924,213.30695158418212,1.0,2.155167538213704,7.105362143621423e+21,8.370284597069043e+20,9.701187780091116e+20,8.912509381337439e+21,0.797234744964181,0.09391613785670959,0.1088491171791095
1e+22,exp,5.840797556512714,228.552502499196,1.0,2.1459725713593683,8.00957338879302e+21,8.96852857857103e+20,1.0935737533498737e+21,9.999999999999996e+21,0.8009573388793024,0.08968528578571033,0.10935737533498742
1.1220184543019653e+22,exp,6.14628353279648,244.78554995509975,0.9999999999999999,2.136960602128567,9.027128368533359e+21,9.605522479025403e+20,1.2325039265837545e+21,1.1220184543019653e+22,0.804543662710909,0.08560930920696157,0.10984702808212944
1.2589254117941714e+22,exp,6.4691679365787556,262.0653495836332,1.0,2.1281269274382386,1.0172068540888455e+22,1.0283591522706209e+21,1.3888264247826372e+21,1.2589254117941714e+22,0.8079961247578297,0.08168547100856782,0.11031840423360237
1.4125375446227496e+22,exp,6.8104679012690665,280.454587606077,1.0,2.119467009831282,1.1460161799929045e+22,1.1005195552148032e+21,1.5646940910836455e+21,1.4125375446227494e+22,0.811317323461993,0.07791081797466291,0.1107718585633441
1.584893192461111e+22,exp,7.171257167624497,300.0197630758297,0.9999999999999996,2.1109764709336343,1.2909113258319284e+22,1.1772944027559473e+21,1.7625242635358597e+21,1.584893192461109e+22,0.8145099821063213,0.07428225500342897,0.11120776289024975
1.7782794100389228e+22,exp,7.552670903878823,320.83137167580406,1.0,2.102651085114071,1.4538802595444268e+22,1.2589603239136332e+21,1.985031181031324e+21,1.7782794100389228e+22,0.8175769518203017,0.07079654169116636,0.11162650648853185
1.995262314968883e+22,exp,7.955912863238487,342.96401089163453,0.9999999999999999,2.094486773345718,1.6371550715283717e+22,1.3458100434117048e+21,2.2352623909934035e+21,1.9952623149688824e+22,0.8205212213181625,0.06745028126453106,0.11202849741730646
2.238721138568347e+22,exp,8.382254731269779,366.4968127275288,0.9999999999999999,2.0864795972680845,1.8432417854883732e+22,1.4381540796796117e+21,2.5166394511201256e+21,2.2387211385683466e+22,0.8233458619446989,0.06423998303778494,0.11241415501751624
2.511886431509572e+22,exp,8.833042649205204,391.51362205434225,1.0,2.0786257534482253,2.0749539128104874e+22,1.536321444700251e+21,2.8330037422905853e+21,2.511886431509571e+22,0.8260540312578941,0.06116205834102803,0.11278391040107781
2.8183829312644493e+22,exp,9.309697625428752,418.1034493849213,0.9999999999999999,2.0709215678393713,2.3354500139534233e+22,1.6406614207258485e+21,3.188667752384408e+21,2.818382931264449e+22,0.8286489348364167,0.05821286392725124,0.11313820123633211
3.1622776601683792e+22,exp,9.813726516322138,446.36051340426644,1.0,2.0633634904351337,2.6282760037407673e+22,1.7515437271687205e+21,3.5884728371073945e+21,3.162277660168379e+22,0.8311338491386053,0.055388675992337044,0.1134774748690576
3.5481338923357603e+22,exp,10.346722856619163,476.3847302516607,0.9999999999999998,2.0559480901170657,2.957412466223527e+22,1.869360440571808e+21,4.037853820550523e+21,3.54813389233576e+22,0.833512081551309,0.052685735580885754,0.1138021828678054
3.981071705534985e+22,exp,10.910370584701456,508.2821225486699,1.0,2.04867204969311,3.327327791150777e+22,1.9945275996575556e+21,4.5429115441845277e+21,3.981071705534985e+22,0.8357869531776353,0.0501002681485117,0.11411277867385312
4.466835921509617e+22,exp,11.5064501018501,542.1651625695108,0.9999999999999999,2.0415321611241417,3.7430378340405146e+22,2.127486551947672e+21,5.110494322743317e+21,4.4668359215096135e+22,0.8379617921527586,0.04762849115865142,0.11440971668858999
5.011872336272714e+22,exp,12.136848590981737,578.1529549166099,1.0,2.0345253209355443,4.210172925750951e+22,2.2687046705923272e+21,5.748289434625299e+21,5.011872336272714e+22,0.8400399378253158,0.04526660933026764,0.11469345284441645
5.623413251903491e+22,exp,12.803558361342846,616.3719926553596,0.9999999999999999,2.027648525810468,4.7350528681560475e+22,2.4186783214853696e+21,6.464925515989059e+21,5.623413251903491e+22,0.8420247020887646,0.043010858586049354,0.11496443932518603
6.309573444801943e+22,exp,13.508688734973962,656.95635003591,1.0,2.0208988683611526,5.324771307059825e+22,2.577933619515497e+21,7.270087757905681e+21,6.309573444801942e+22,0.8439193795971369,0.04085749444186743,0.11522312596099576
7.079457843841402e+22,exp,14.254472333301196,700.0481636791327,0.9999999999999993,2.014273533074452,5.987290308685503e+22,2.747028316766969e+21,8.174647034791941e+21,7.0794578438413944e+22,0.8457272351574215,0.03880280633575183,0.11546995850682662
7.94328234724279e+22,exp,15.043269382264533,745.7982565874509,1.0,2.007769792427472,6.731546447200961e+22,2.9265542511732206e+21,9.190804749245046e+21,7.943282347242788e+22,0.8474514883054063,0.0368431351579623,0.11570537653663147
8.91250938133744e+22,exp,15.877572243559497,794.3668098433448,0.9999999999999997,2.001385003169026,7.567569846704158e+22,3.117139982299422e+21,1.0332255364033408e+22,8.91250938133744e+22,0.8490953022221159,0.03497488584782453,0.11592981193005954
1.0000000000000001e+23,exp,16.76002737312922,845.9232454120523,1.0,1.995116602762423,8.506618049203383e+22,3.3194503314538134e+21,1.1614369176512352e+22,1e+23,0.8506618049203384,0.03319450331453814,0.11614369176512353
1.1220184543019653e+23,exp,17.69342571145623,900.6476780502595,1.0,1.9889621059849711,9.561325670266688e+22,3.534192079058862e+21,1.3054396648470786e+22,1.1220184543019653e+23,0.8521540473427435,0.03149852006006058,0.11634743259719592
1.2589254117941714e+23,exp,18.680719028065365,958.7311893717166,0.9999999999999997,1.9829191016794256,1.074587278325758e+23,3.7621150401001916e+21,1.4671698306741014e+22,1.2589254117941699e+23,0.8535750158496677,0.029883541986324483,0.11654144216400794
1.4125375446227497e+23,exp,19.725038110469924,1020.3760495951011,1.0,1.9769852496525302,1.2076173879164472e+23,4.004012934277658e+21,1.6488002736352559e+22,1.4125375446227494e+23,0.854927638924436,0.0283462407744144,0.11672612030114965
1.584893192461111e+23,exp,20.82968987046929,1085.7970516045552,1.0,1.9711582777157113,1.3570089508315696e+23,4.260728620933771e+21,1.8527695542020364e+22,1.584893192461111e+23,0.8562147640525417,0.026883380162151325,0.11690185578530703
1.7782794100389228e+23,exp,21.998166544367937,1155.2223339602617,1.0,1.9654359788629463,1.5247663978938764e+23,4.5331573285934947e+21,2.0818143885911057e+22,1.7782794100389217e+23,0.857439156797358,0.0254918169945761,0.11706902620806595
1.9952623149688827e+23,exp,23.234173317559176,1228.8933317448727,0.9999999999999998,1.9598162085807904,1.713139239513187e+23,4.822246462082826e+21,2.339006108348672e+22,1.9952623149688827e+23,0.8586035162699419,0.02416848364200189,0.11722800008805609
2.238721138568347e+23,exp,24.541621513816008,1307.0665572305247,1.0,1.9542968822855515,1.924651964455084e+23,5.129002589966235e+21,2.6277914821360085e+22,2.238721138568347e+23,0.8597104531232018,0.022910413010377037,0.11737913386642118
2.5118864315095718e+23,exp,25.924653961474085,1390.0138269704917,1.0,1.9488759728826197,2.162137647952459e+23,5.454492335666985e+21,2.9520386020044242e+22,2.511886431509571e+23,0.86076250137355,0.021714725105581277,0.1175227735208687
2.818382931264449e+23,exp,27.387646642138655,1478.02380150875,1.0,1.943551508442995,2.4287756162635277e+23,5.799848419374035e+21,3.3160883080718038e+22,2.8183829312644484e+23,0.8617621080943298,0.020578638747191007,0.11765925315847918
3.162277660168379e+23,exp,28.93523787248152,1571.4021843094763,0.9999999999999999,1.9383215699921212,2.7281337597799044e+23,6.166270438652512e+21,3.724811960019496e+22,3.162277660168379e+23,0.862711644250316,0.019499459254707512,0.11778889649497647
3.5481338923357603e+23,exp,30.57232467723498,1670.473747755438,1.0,1.9331842894061897,3.064215946870607e+23,6.555032818575243e+21,4.183676172794002e+22,3.54813389233576e+23,0.8636133922368453,0.018474592609750762,0.11791201515340394
3.9810717055349855e+23,exp,32.30409376466677,1775.5826428451917,1.0,1.9281378474111883,3.441515290883154e+23,6.967486026991894e+21,4.698815543819133e+22,3.9810717055349855e+23,0.8644695563002112,0.01750153361293347,0.11802891008685551
4.466835921509616e+23,exp,34.13602776264336,1887.094135856087,0.9999999999999999,1.923180471680051,3.8650738687382916e+23,7.405063389292199e+21,5.2771141887840146e+22,4.466835921509615e+23,0.8652822572072557,0.01657787194204702,0.11813987085069731
5.011872336272715e+23,exp,36.07393684914581,2005.3951022276349,0.9999999999999999,1.9183104350233835,4.34054977652076e+23,7.869283026432042e+21,5.926297294876345e+22,5.011872336272715e+23,0.8660535395338479,0.015701283868464134,0.11824517659768805
5.623413251903491e+23,exp,38.12394593245619,2130.8970700361874,1.0,1.9135260536693675,4.874292281141335e+23,8.361759797699021e+21,6.655033727851636e+22,5.6234132519034887e+23,0.8667853602065292,0.014869545279939403,0.11834509451353145
6.309573444801942e+23,exp,40.29255967659884,2264.0351554064246,1.0,1.9088256856285548,5.473426296547866e+23,8.884201123207326e+21,7.47305137022002e+22,6.309573444801941e+23,0.8674796076836344,0.01408050988062665,0.1184398824357389
7.079457843841402e+23,exp,42.5866398307621,2405.2719416395166,0.9999999999999999,1.90420772913942,6.145946992418396e+23,9.438422205814571e+21,8.391266293648584e+22,7.0794578438414e+23,0.8681380874052257,0.013332125727714153,0.11852978686706014
7.94328234724279e+23,exp,45.01345586649405,2555.0974939195266,1.0,1.8996706211906627,6.90082609662817e+23,1.0026346088830555e+22,9.421927897262994e+22,7.943282347242775e+23,0.8687625335417598,0.012622421878671908,0.11861504457956827
8.912509381337441e+23,exp,47.58068945724434,2714.03208715892,1.0,1.8952128361164016,7.748131074966316e+23,1.0650014360236192e+22,1.0578781627687344e+23,8.912509381337413e+23,0.8693546052462758,0.011949512650765983,0.1186958821029582
1e+24,exp,50.296475972849684,2882.6270499904163,1.0,1.8908328842605462,8.699158929511772e+23,1.1311590464555028e+22,1.187725165842674e+23,9.999999999999996e+23,0.8699158929511775,0.011311590464555033,0.11877251658426745
1.1220184543019652e+24,exp,53.169416615293926,3061.4674390445107,1.0,1.8865293107067718,9.766586263242872e+23,1.2013370196868416e+22,1.3334645778080937e+23,1.1220184543019651e+24,0.8704479169479349,0.01070692745810694,0.11884515559395807
1.2589254117941714e+24,exp,56.2086152854294,3251.1735232437886,0.9999999999999998,1.882300694070681,1.0964637707651051e+24,1.275778752726976e+22,1.4970385350179569e+23,1.2589254117941706e+24,0.8709521314709728,0.010133870845523616,0.1189139976835035
1.4125375446227496e+24,exp,59.423691085982036,3452.403866689004,1.0,1.8781456453508698,1.2309274852690638e+24,1.3547426698282765e+22,1.6806263265540283e+23,1.4125375446227496e+24,0.8714299240788047,0.009590843620302436,0.11897923230089279
1.584893192461111e+24,exp,62.824829718010896,3665.8564173680493,0.9999999999999999,1.8740628068357672,1.381840831150951e+24,1.4385026497016364e+22,1.886673348131432e+23,1.5848931924611107e+24,0.8718826213173088,0.009076338118834678,0.11904104056385656
1.7782794100389228e+24,exp,66.42280136170383,3892.2717483681,1.0,1.870050851063258,1.5512135591257559e+24,1.5273492973863515e+22,2.1179235793930324e+23,1.7782794100389225e+24,0.8723114884920156,0.008588916279207897,0.11909959522877656
1.9952623149688828e+24,exp,70.22900718174608,4132.434908067528,1.0,1.8661084798302365,1.7413008050206362e+24,1.621590670275796e+22,2.3774560324548416e+23,1.9952623149688782e+24,0.8727177333812355,0.008127205421113209,0.11915506119765133
2.238721138568347e+24,exp,74.25550093262105,4387.178981530419,1.0,1.8622344232493764,1.954633037727645e+24,1.72155367562865e+22,2.6687256408441446e+23,2.238721138568346e+24,0.8731025066291309,0.007689897799104971,0.11920759557176401
2.511886431509572e+24,exp,78.51504226610223,4657.387096167355,1.0,1.8584274388505366,2.1940496682310737e+24,1.827584857601452e+22,2.9956091470248263e+23,2.511886431509571e+24,0.8734669054733153,0.007275746366061328,0.11925734816062333
2.818382931264449e+24,exp,83.02112036835128,4943.996464277358,1.0,1.8546863107243488,2.4627367533688424e+24,1.940051983564765e+22,3.3624565805995924e+23,2.818382931264449e+24,0.8738119742528925,0.006883564195779363,0.11930446155132823
3.1622776601683796e+24,exp,87.7879945996767,5248.001765948192,1.0,1.8510098487056639,2.7642693041289216e+24,2.0593453715722567e+22,3.774149023237355e+23,3.1622776601683796e+24,0.8741387067136079,0.006512221863094097,0.11934907142329797
3.5481338923357605e+24,exp,92.83077475916019,5570.456515767184,0.9999999999999999,1.8473968875946458,3.1026587647252784e+24,2.185878426665702e+22,4.2361634334382467e+23,3.5481338923357605e+24,0.8744480504039766,0.006160642447533804,0.11939130714848958
3.9810717055349857e+24,exp,98.16544247661129,5912.478268760652,1.0,1.8438462864134268,3.482406272317429e+24,2.320089683714866e+22,4.7546453638040626e+23,3.981071705534984e+24,0.874740906443798,0.005827801796408709,0.11943129175979321
4.4668359215096164e+24,exp,103.80887793153623,6275.2539331635235,1.0,1.8403569276963485,3.908562417222989e+24,2.4624448921781244e+22,5.336490553648454e+23,4.4668359215096154e+24,0.8750181304850903,0.005512727432678823,0.11946914208223099
5.011872336272715e+24,exp,109.77895856045191,6660.041183674469,0.9999999999999998,1.836927716811913,4.3867943106810153e+24,2.613437570671733e+22,5.9894364988498126e+23,5.011872336272714e+24,0.8752805371621729,0.005214493497285136,0.119504969340542
5.62341325190349e+24,exp,116.0946111510012,7068.173071464598,1.0,1.8335575813146867,4.923460825677962e+24,2.7735908159631472e+22,6.722165180658979e+23,5.62341325190349e+24,0.8755289012436355,0.004932219439900321,0.1195388793164644
6.309573444801943e+24,exp,122.77582386796401,7501.065541467395,0.9999999999999999,1.8302454703254785,5.52569701044753e+24,2.94346025279777e+22,7.54441831826436e+23,6.309573444801943e+24,0.8757639575461001,0.0046650701169390464,0.11957097233696087
7.079457843841402e+24,exp,129.84375645485053,7960.2195146284375,1.0,1.8269903539382262,6.20150882390738e+24,3.1236348509855016e+22,8.467126714241543e+23,7.079457843841389e+24,0.8759864047078462,0.004412251502709117,0.11960134378944462
7.943282347242789e+24,exp,137.3208117805433,8447.225796104438,1.0,1.8237912226521025,6.959879421687646e+24,3.314738851405557e+22,9.502555370410863e+23,7.943282347242788e+24,0.87619690669859,0.00417300897349588,0.11963008432791412
8.912509381337441e+24,exp,145.23065892021145,8963.773511480607,1.0,1.8206470868274418,7.810888400903198e+24,3.517435076425585e+22,1.0664466296699832e+24,8.912509381337438e+24,0.8763960930306558,0.003946627067558551,0.11965727990178553
1e+25,exp,153.5983590068892,9511.65285322058,1.0,1.8175569761641712,8.765845618187259e+24,3.7324260076240266e+22,1.1968301217365007e+24,1e+25,0.8765845618187258,0.003732426007624026,0.11968301217365006
1.1220184543019654e+25,exp,162.4504148507241,10092.763103512847,1.0,1.8145199392015015,9.837441318934462e+24,3.960456934000127e+22,1.3431386547451853e+24,1.122018454301965e+25,0.8767628804335998,0.0035297609578659062,0.11970735860853417
1.2589254117941714e+25,exp,171.81487079422445,10709.11823657107,1.0,1.8115350428377095,1.1039914596819187e+25,4.202318150348045e+22,1.5073163396190466e+24,1.2589254117941714e+25,0.8769315873198184,0.0033380199581157593,0.11973039272206588
1.4125375446227497e+25,exp,181.7213689932436,11362.855918515117,1.0,1.808601371868916,1.2389242399113285e+25,4.4588484888607284e+22,1.6915445622256008e+24,1.4125375446227492e+25,0.8770911928165505,0.0031566229908965475,0.11975218419255304
1.5848931924611239e+25,exp,192.20129316964145,12056.241822331536,1.0,1.8057180285458174,1.3903351614108215e+25,4.730937012344638e+22,1.8982709403795752e+24,1.5848931924611237e+25,0.8772421813812071,0.002985019454212013,0.11977279916458083
1.7782794100389228e+25,exp,203.28787893805375,12791.676767845398,0.9999999999999999,1.8028841321474063,1.5602357029178819e+25,5.019525815984799e+22,2.130241813050548e+24,1.7782794100389215e+25,0.8773850127881381,0.002822686799188062,0.11979230041267379
1.995262314968883e+25,exp,215.01620907962194,13571.711929861158,1.0,1.8000988185707587,1.7508828299276558e+25,5.325615995104729e+22,2.390538690461226e+24,1.995262314968883e+25,0.8775201219369302,0.0026691307479476873,0.1198107473151222
2.238721138568347e+25,exp,227.42339098923836,14399.05356527038,1.0,1.7973612399360333,1.9648089533096835e+25,5.650269500110014e+22,2.6826191575854877e+24,2.2387211385683423e+25,0.8776479211547423,0.0025238826769301646,0.11982819616832747
2.5118864315095717e+25,exp,240.54880398121912,15276.564175800995,0.9999999999999994,1.7946705642058727,2.204855544858761e+25,5.994609592757668e+22,3.010362770580495e+24,2.511886431509568e+25,0.8777688024429151,0.0023864970635456193,0.11984470049353933
2.8183829312644723e+25,exp,254.43393332059696,16207.290781809103,1.0,1.7920259748184448,2.474210845251806e+25,6.359831940950946e+22,3.3781225407171325e+24,2.8183829312644698e+25,0.8778831356822578,0.002256553525924741,0.1198603107918176
3.1622776601683795e+25,exp,269.1228479817991,17194.45356625644,1.0,1.7894266703334187,2.776452187945042e+25,6.747200162572096e+22,3.7907827206076304e+24,3.1622776601683773e+25,0.877991272846423,0.002133652034278621,0.11987507511929828
3.5481338923357606e+25,exp,284.66203494860616,18241.476382091005,0.9999999999999999,1.7868718640901915,3.1155934724357784e+25,7.158057796750093e+22,4.2538236210323153e+24,3.5481338923357597e+25,0.8780935463471935,0.0020174147915364878,0.11988903886127013
3.9810717055349854e+25,exp,301.1007087886693,19351.98832906898,1.0,1.7843607838777509,3.496138441411635e+25,7.593828922614344e+22,4.773394352007354e+24,3.9810717055349854e+25,0.878190271366091,0.0019074835833919922,0.11990224505051697
4.466835921509617e+25,exp,318.49090460024786,20529.8403445369,1.0,1.781892671615572,3.923140453578132e+25,8.056024669610755e+22,5.356394432618678e+24,4.466835921509611e+25,0.8782817462997988,0.0018035192720685703,0.11991473442813255
5.0118723362727555e+25,exp,336.8878122896816,21779.107637943634,1.0,1.7794667830449964,4.402269555460996e+25,8.54624417281798e+22,6.010565366389413e+24,5.0118723362727555e+25,0.878368254434607,0.0017051998932545989,0.11992654567213834
5.6234132519034905e+25,exp,356.34961695470895,23104.12532529417,1.0,1.7770823874305712,4.9398877258453006e+25,9.066188556107207e+22,6.744593375020784e+24,5.623413251903486e+25,0.8784500630774704,0.001612221643685597,0.11993771527884396
6.309573444801943e+25,exp,376.9380342838926,24509.4808415965,1.0,1.7747387672708568,5.543133317850066e+25,9.617657954743707e+22,7.568224689971291e+24,6.309573444801939e+25,0.8785274260364946,0.0015242960619892762,0.11994827790151606
7.0794578438414025e+25,exp,398.71809327227163,26000.05656373283,1.0,1.7724352180182423,6.220015786837659e+25,1.0202568240840917e+23,8.492394887629015e+24,7.079457843841402e+25,0.8786005827054407,0.0014411510691763477,0.11995826622538283
7.943282347242788e+25,exp,421.75892727684,27581.00875983546,1.0,1.7701710478073396,6.979522000656797e+25,1.0822942762977288e+23,9.529374038230081e+24,7.943282347242783e+25,0.8786697608803343,0.001362527767470594,0.11996771135219499
8.912509381337514e+25,exp,446.1336453242691,29257.807915110203,1.0,1.7679455771915389,7.831735499619222e+25,1.1480928170275912e+23,1.0692929535480111e+25,8.912509381337509e+25,0.8787351759784522,0.001288181327956477,0.11997664269359135
1e+26,exp,471.9191377583858,31036.2856849689,1.0,1.765758138887359,8.787970307804073e+25,1.2178812837077455e+23,1.1998508793588497e+25,1e+26,0.8787970307804073,0.0012178812837077455,0.11998508793588496
1e+17,power,0.024335225479089385,0.6026028722877285,0.4,4.823509490748936,8.798686062881267e+16,0.0,1.2013139371187222e+16,9.999999999999989e+16,0.8798686062881277,0.0,0.12013139371187236
1.1220184543019653e+17,power,0.025795309939829366,0.6378606653167167,0.4,4.772360346555927,9.872288136162285e+16,0.0,1.3478964068573572e+16,1.1220184543019642e+17,0.8798686062881277,0.0,0.12013139371187236
1.2589254117941714e+17,power,0.027343398866237347,0.6751714572347106,0.4,4.722053580732527,1.1076889474960443e+17,0.0,1.5123646429812658e+16,1.2589254117941709e+17,0.8798686062881277,0.0,0.12013139371187236
1.4125375446227498e+17,power,0.028984829181080102,0.7146539964937597,0.40000000000000013,4.672575105923528,1.2428474407168706e+17,95.84256959622857,1.6969010390587676e+16,1.4125375446227483e+17,0.879868606288127,6.785134311019366e-16,0.1201313937118723
1.584893192461111e+17,power,0.03072525457463995,0.7564340711854729,0.4000000000000001,4.623911072420052,1.3944977643662984e+17,45.086984109012654,1.9039542809481196e+16,1.5848931924611107e+17,0.8798686062881275,2.8447963764043347e-16,0.12013139371187234
1.778279410038923e+17,power,0.032570676787234853,0.8006446188406302,0.4,4.576047864131545,1.5646522261018208e+17,0.0,2.136271839371019e+16,1.778279410038923e+17,0.8798686062881276,0.0,0.12013139371187234
1.995262314968883e+17,power,0.03452746196892233,0.8474262573132155,0.4,4.528972094626172,1.755568672250894e+17,0.0,2.396936427179887e+16,1.995262314968883e+17,0.8798686062881276,0.0,0.12013139371187234
2.238721138568347e+17,power,0.0366023638550632,0.8969277029300488,0.4,4.482670603238527,1.9697804480599008e+17,0.0,2.689406905084451e+16,2.238721138568346e+17,0.8798686062881277,0.0,0.12013139371187236
2.511886431509572e+17,power,0.038802550239700716,0.9493061667310625,0.4,4.437130451243478,2.2101300136463853e+17,0.0,3.017564178631865e+16,2.511886431509572e+17,0.8798686062881276,0.0,0.12013139371187236
2.8183829312644493e+17,power,0.04113563285162954,1.0047277302795745,0.4,4.392338918095004,2.479806661717899e+17,0.0,3.385762695465505e+16,2.8183829312644493e+17,0.8798686062881277,0.0,0.12013139371187237
3.1622776601683795e+17,power,0.043609672711241464,1.063368386172732,0.4000000000000001,4.348283497728985,2.782388837548432e+17,63.3816949232061,3.798888226199459e+16,3.162277660168379e+17,0.8798686062881274,2.0043051791926226e-16,0.12013139371187233
3.5481338923357606e+17,power,0.046233236704502356,1.125413896041414,0.40000000000000013,4.304951894928767,3.121891622773134e+17,150.92976487238298,4.262422695626253e+16,3.5481338923357606e+17,0.8798686062881274,4.253778731360808e-16,0.12013139371187233
3.9810717055349856e+17,power,0.049015412864281495,1.1910607325295497,0.4000000000000001,4.26233202175251,3.502820013082166e+17,70.99275186834035,4.782516924528184e+16,3.981071705534985e+17,0.8798686062881275,1.7832573015360996e-16,0.12013139371187234
4.4668359215096166e+17,power,0.05196582626358837,1.2605170806037516,0.4,4.220411994021218,3.93022869677641e+17,0.0,5.36607224733206e+16,4.466835921509616e+17,0.8798686062881277,0.0,0.1201313937118724
5.011872336272715e+17,power,0.05509472337723249,1.334002259229241,0.4000000000000001,4.179180127866438,4.409789127410294e+17,79.51273079092748,6.020832088624188e+16,5.011872336272713e+17,0.8798686062881276,1.586487553074036e-16,0.12013139371187236
5.6234132519034906e+17,power,0.05841295663284479,1.4117486558203056,0.4000000000000001,4.138624936336638,4.947864780534506e+17,84.14677714230451,6.75548471368978e+16,5.623413251903485e+17,0.8798686062881276,1.4963648121329415e-16,0.12013139371187236
6.309573444801943e+17,power,0.061932041512846404,1.4940019892607914,0.4,4.098735126061201,5.551595593150466e+17,0.0,7.57977851651477e+16,6.309573444801943e+17,0.8798686062881276,0.0,0.12013139371187236
7.079457843841403e+17,power,0.0656642027704741,1.5810219377594543,0.4000000000000001,4.059499593971121,6.228992706336282e+17,94.23625098225202,8.504651375051138e+16,7.079457843841396e+17,0.8798686062881275,1.3311224257692355e-16,0.12013139371187236
7.943282347242789e+17,power,0.06962241335074666,1.6730830470287157,0.4,4.020907424075399,6.989044768221599e+17,0.0,9.542375790211888e+16,7.943282347242788e+17,0.8798686062881276,0.0,0.12013139371187234
8.912509381337441e+17,power,0.07382044760446448,1.7704754040290638,0.4,3.9829478842921917,7.841837207887235e+17,0.0,1.0706721734502037e+17,8.912509381337439e+17,0.8798686062881276,0.0,0.12013139371187234
1e+18,power,0.07827290796732801,1.8735060638848258,0.4,3.9456104233338163,8.798686062881275e+17,0.0,1.2013139371187235e+17,9.999999999999999e+17,0.8798686062881276,0.0,0.12013139371187237
1.1220184543019653e+18,power,0.08299530823442623,1.9824992412577713,0.4,3.9088846676446396,9.872288136162291e+17,0.0,1.3478964068573582e+17,1.1220184543019649e+18,0.8798686062881277,0.0,0.12013139371187237
1.2589254117941714e+18,power,0.08800410620581255,2.097797847647255,0.4000000000000001,3.872760418391001,1.1076889474960439e+18,125.03849551959365,1.5123646429812653e+17,1.2589254117941706e+18,0.8798686062881275,9.932160741865854e-17,0.12013139371187234
1.4125375446227497e+18,power,0.09331676361449442,2.2197645106425936,0.4,3.837227648502258,1.2428474407168727e+18,0.0,1.6969010390587702e+17,1.4125375446227497e+18,0.8798686062881277,0.0,0.12013139371187237
1.5848931924611108e+18,power,0.0989518318597522,2.348782126544775,0.4,3.8022764997620815,1.394497764366299e+18,0.0,1.9039542809481203e+17,1.5848931924611108e+18,0.8798686062881277,0.0,0.12013139371187238
1.7782794100389228e+18,power,0.10492898370875003,2.4852558540050365,0.4,3.767897279949179,1.5646522261018207e+18,0.0,2.1362718393710192e+17,1.7782794100389225e+18,0.8798686062881277,0.0,0.12013139371187237
1.995262314968883e+18,power,0.11232461894674316,2.578976251319868,0.40588482080653926,3.734034172286046,1.7380951482132255e+18,1.9859242519609924e+16,2.3730792423604576e+17,1.9952623149688812e+18,0.8711110991139696,0.00995319882033639,0.11893570206569401
2.238721138568347e+18,power,0.12129318033168843,2.62745814138879,0.41819389913545635,3.7003932024485504,1.9121565249446003e+18,6.549150941797637e+16,2.6107310420576944e+17,2.238721138568346e+18,0.8541289453171543,0.02925398268221023,0.11661707200063547
2.511886431509572e+18,power,0.1307458537797829,2.685111738461253,0.4306053123199181,3.666950245965702,2.1064033604354017e+18,1.1788879892939027e+17,2.8759427214478026e+17,2.511886431509572e+18,0.8385742818673189,0.046932376181729865,0.1144933419509513
2.818382931264449e+18,power,0.14072415596044968,2.751087643115026,0.44315337680188865,3.633731456134597,2.3228669193035095e+18,1.78367248578699e+17,3.1714876338223917e+17,2.8183829312644475e+18,0.8241842843766343,0.06328708799647598,0.1125286276268898
3.1622776601683794e+18,power,0.1512697113433493,2.8247902651165293,0.4558671194230729,3.6007580552368164,2.563831248058083e+18,2.4839798570876576e+17,3.500484264015304e+17,3.162277660168379e+18,0.8107546280175691,0.07855034010376544,0.11069503187866547
3.5481338923357604e+18,power,0.16242507080601049,2.905798350440747,0.4687719311442367,3.568047292497839,2.8318470169099607e+18,3.296453627170263e+17,3.866415127087733e+17,3.5481338923357604e+18,0.7981229296411181,0.09290668636521451,0.10897038399366733
3.9810717055349857e+18,power,0.17423408088270834,2.993817651671642,0.48189057189155576,3.5356131630109577,3.1297504012166205e+18,4.2400604953892096e+17,4.273152547794426e+17,3.981071705534984e+18,0.7861577566827671,0.10650550427147913,0.1073367390457538
4.4668359215096166e+18,power,0.1867422737016213,3.0886465084400476,0.49524398193365843,3.5034669600323007,3.46068522988001e+18,5.336518015766551e+17,4.724988900529508e+17,4.4668359215096166e+18,0.7747509178063637,0.11946975688247388,0.10577932531116221
5.011872336272715e+18,power,0.19999729165672062,3.1901507379095113,0.5088517856328615,3.47161770764407,3.828129045351546e+18,6.610760719291683e+17,5.2266721899199776e+17,5.011872336272712e+18,0.7638121621027749,0.13190201736479287,0.10428582053243221
5.623413251903491e+18,power,0.21404900142970396,3.298248900314202,0.5227327035337566,3.440072505328012,4.235921301473244e+18,8.091474954024329e+17,5.783444550278136e+17,5.62341325190349e+18,0.7532651632955147,0.14388903307587106,0.10284580362861429
6.309573444801943e+18,power,0.2289499132148021,3.4128967202374176,0.5369049422537633,3.408836806230228,4.688294447456637e+18,9.811705287858884e+17,6.401084685594129e+17,6.309573444801938e+18,0.7430445954027254,0.1555050491716224,0.10145035542565212
7.079457843841402e+18,power,0.24475526996990296,3.534079857202661,0.5513863412257867,3.377914644530334,5.189908017269001e+18,1.1809543852812695e+18,7.085954412911276e+17,7.079457843841399e+18,0.7330939927531082,0.1668142407696674,0.10009176647722436
7.943282347242789e+18,power,0.26152346709449725,3.661802896048459,0.5661947228659135,3.3473088230526855,5.745884335147583e+18,1.4128932708697196e+18,7.845047412254835e+17,7.943282347242786e+18,0.7233639802747353,0.1778727242850876,0.0987632954401772
8.91250938133744e+18,power,0.2793160077290107,3.7960871477517335,0.5813479082837173,3.317021069312453,6.361847442608529e+18,1.6820577012314248e+18,8.686042374974844e+17,8.912509381337438e+18,0.7138110234060535,0.18872997819824006,0.09745899839570649
1e+19,power,0.29819803321594557,3.936960256102478,0.5968640871204043,3.287052166111762,7.043962831314626e+18,1.9943014434498816e+18,9.617357252354902e+17,9.999999999999998e+18,0.7043962831314627,0.1994301443449882,0.09617357252354904
1.1220184543019653e+19,power,0.3182383464655909,4.0844545616424925,0.6127618187304613,3.2574020613006294,7.798980395465681e+18,2.356383357559725e+18,1.0648207899942477e+18,1.1220184543019653e+19,0.6950848593945467,0.21001288780278465,0.09490225280266877
1.2589254117941713e+19,power,0.33950978650402586,4.238600462049424,0.6290602567505744,3.2280699602067697,8.634278027677593e+18,2.7761093302185364e+18,1.1788667600455808e+18,1.2589254117941709e+19,0.6858450823843774,0.22051420236740912,0.09364071524821366
1.4125375446227497e+19,power,0.3620892661204779,4.3994237138193,0.6457793232313689,3.199054403391614,9.557904623339147e+18,3.2624982449817784e+18,1.3049725779065718e+18,1.4125375446227497e+19,0.6766478285638633,0.2309671879095506,0.09238498352658615
1.5848931924611109e+19,power,0.38605841074261077,4.566936931504981,0.662939876701492,3.1703533317190185,1.057862648243129e+19,3.8259703064452e+18,1.444335135734619e+18,1.5848931924611107e+19,0.6674662073602706,0.24140240646147387,0.09113138617825563
1.7782794100389229e+19,power,0.4115034023038101,4.741138144227355,0.6805639534954766,3.141964140161197,1.1705966862851574e+19,4.4785725618629704e+18,1.5982546756746683e+18,1.7782794100389212e+19,0.6582748918290273,0.25184864293991616,0.08987646523105654
1.9952623149688828e+19,power,0.438515687645732,4.922000857150988,0.6986750263491568,3.113883721255791,1.2950247542798688e+19,5.234235142380015e+18,1.7681404645101143e+18,1.995262314968882e+19,0.6490498740763647,0.2623331831164088,0.08861694280722633
2.238721138568347e+19,power,0.46719203831803136,5.109469917207452,0.717298245105751,3.0861084986092253,1.4322621992068874e+19,6.109074070964127e+18,1.9555153226504704e+18,2.238721138568347e+19,0.6397680240437688,0.2728823150734555,0.08734966088277589
2.511886431509572e+19,power,0.49763505890539744,5.303450855351122,0.7364609225419754,3.058634450237887,1.5835098472827216e+19,7.121747064111824e+18,2.1620187781566758e+18,2.5118864315095716e+19,0.630406624845327,0.2835218573091244,0.08607151784554865
2.8183829312644493e+19,power,0.5299538583406176,5.50379561592732,0.7561932148639137,3.0314571207316243,1.7500546333073154e+19,8.293875053562417e+18,2.3894079260089216e+18,2.8183829312644493e+19,0.6209428157876916,0.29427779176342883,0.08477939244887951
3.162277660168379e+19,power,0.5642644394897157,5.710289871569607,0.7765287507439566,3.0045716200027015,1.933268108223015e+19,9.650540129026488e+18,2.6395553904271565e+18,3.162277660168379e+19,0.6113530549749625,0.30517687458578935,0.08347007043924821
3.5481338923357606e+19,power,0.6006910103717984,5.922624370549051,0.7975060882710391,2.977972604333917,2.1346003303186473e+19,1.1220894635842742e+19,2.9144409843283937e+18,3.5481338923357606e+19,0.601612113604153,0.31624777915176,0.08214010724408705
3.981071705534986e+19,power,0.6393674050954193,6.140358616152214,0.8191706618385866,2.9516542316792216,2.3555670928587244e+19,1.3038911855979506e+19,3.216134270783112e+18,3.981071705534986e+19,0.5916917019062277,0.3275226577268421,0.0807856403669303
4.466835921509617e+19,power,0.6804396898512093,6.362857937985976,0.8415782247546428,2.9256100756409493,2.5977246491342897e+19,1.5144352669468584e+19,3.5467600542846833e+18,4.466835921509616e+19,0.5815581084196977,0.33903982451073295,0.07940206706956938
5.011872336272715e+19,power,0.7240712701974658,6.58917409292882,0.8648015669047409,2.899832965936249,2.862618993011523e+19,1.758410430082018e+19,3.9084291317917327e+18,5.011872336272715e+19,0.5711675798870064,0.3508490065390876,0.07798341357390594
5.6234132519034905e+19,power,0.7704541657704964,6.817797370873705,0.8889445136025832,2.874314681827733,3.15168023146127e+19,2.041423612840042e+19,4.303094076021788e+18,5.6234132519034905e+19,0.5604568062634283,0.3630221577880717,0.0765210359485001
6.309573444801943e+19,power,0.8198363875013117,7.046056770862042,0.9141765899809653,2.849045303830574,3.465968237491616e+19,2.370385010618137e+19,4.732201966921887e+18,6.3095734448019415e+19,0.5493189464886898,0.3756807066840544,0.07500034682725579
7.0794578438414025e+19,power,0.8726134189577673,7.2681754079585374,0.9408464891960248,2.8240115736510494,3.805384435394079e+19,2.7545115868681855e+19,5.195618215791383e+18,7.0794578438414025e+19,0.5375248386717181,0.38908510335497004,0.07339005797331191
7.94328234724279e+19,power,0.9298412349267895,7.4645284719532174,0.970116915228449,2.799190878460314,4.164495823504296e+19,3.2101940273027064e+19,5.685924964357866e+18,7.94328234724279e+19,0.5242789619520253,0.40413948377612485,0.07158155427184985
8.91250938133744e+19,power,0.9900217936964624,7.6678906394453685,1.0,2.774490989102973,4.55482730683921e+19,3.735796319537784e+19,6.218857549604469e+18,8.91250938133744e+19,0.5110600294432115,0.4191632412034755,0.06977672935331314
1e+20,power,1.0280974795707913,8.415523308412173,1.0,2.7502863732309666,5.1911869815886815e+19,4.100042955858411e+19,7.08770062552908e+18,1e+20,0.5191186981588681,0.41000429558584106,0.0708770062552908
1.1220184543019654e+20,power,1.067932971072522,9.231339890030986,1.0,2.7267289046424064,5.915071341444648e+19,4.497508794423097e+19,8.076044071519094e+18,1.1220184543019654e+20,0.5271812882190566,0.4008408932294349,0.07197781855150853
1.2589254117941713e+20,power,1.1096235697313117,10.12100020594098,1.0,2.703797837925263,6.738300226660544e+19,4.930951300334446e+19,9.200025909467196e+18,1.258925411794171e+20,0.535242212408548,0.39167938419060494,0.07307840340084709
1.4125375446227496e+20,power,1.1532702448208112,11.09057278700063,0.9999999999999996,2.6814731159287986,7.674256555960346e+19,5.403327061826697e+19,1.0477918284404527e+19,1.4125375446227495e+20,0.5432957577074479,0.38252626150689534,0.07417798078565689
1.5848931924611108e+20,power,1.198979836512205,12.146559428557225,1.0,2.659735347821332,8.738087902702395e+19,5.917803753593079e+19,1.1930402683156337e+19,1.5848931924611108e+20,0.5513360738923614,0.37338817415220155,0.07527575195543708
1.778279410038923e+20,power,1.246865773103561,13.295917706034924,0.9999999999999998,2.638565787889213,9.946934825793937e+19,6.4777711063802085e+19,1.3580881682150656e+19,1.778279410038921e+20,0.5593572511519003,0.3642718388241604,0.07637091002393945
1.995262314968883e+20,power,1.2970482032364423,14.546087936276182,0.9999999999999999,2.6179463150502844,1.1320186333119786e+20,7.086854042553753e+19,1.5455827740152883e+19,1.995262314968883e+20,0.5673532872441551,0.3551840772707761,0.07746263548506867
2.238721138568347e+20,power,1.3496546090022994,15.905018269172611,1.0,2.5978594130557777,1.2879768727952754e+20,7.748924900740896e+19,1.7585177569898158e+19,2.2387211385683467e+20,0.5753181361475559,0.34613176099709775,0.07855010285534629
2.5118864315095718e+20,power,1.4048199651681317,17.381194152019816,0.9999999999999998,2.578288151355109,1.4650469137932607e+20,8.468117790864046e+19,2.0002773862990655e+19,2.5118864315095718e+20,0.5832456815783703,0.33712184136346285,0.07963247705816684
2.818382931264449e+20,power,1.4626876271250324,18.98366355435315,0.9999999999999999,2.5592161665986506,1.6660301879074062e+20,9.24884088368085e+19,2.2746865498895786e+19,2.818382931264449e+20,0.5911298175368784,0.3281612580420865,0.08070892442103512
3.1622776601683794e+20,power,1.5234090517601084,20.72207304612998,0.9999999999999999,2.5406276447540797,1.8940916189825145e+20,1.0095793988074524e+20,2.586066423784127e+19,3.1622776601683794e+20,0.5989643613020563,0.31925703790150295,0.08177860079644077
3.54813389233576e+20,power,1.587145687065257,22.60668654742219,0.9999999999999999,2.522507303812432,2.1528063031546374e+20,1.1013977685904086e+20,2.9392982059071316e+19,3.548133892335759e+20,0.6067432539129552,0.31041606715279607,0.08284067893424882
3.9810717055349857e+20,power,1.6540677946594373,24.648432930691254,1.0,2.5048403770605443,2.4462107459687717e+20,1.2008716523832779e+20,3.339893071829364e+19,3.9810717055349857e+20,0.6144603581411866,0.3016453209606035,0.08389432089821003
4.466835921509617e+20,power,1.7243564876955373,26.858925907356806,1.0,2.487612596897077,2.778861788453067e+20,1.3085668702064237e+20,3.794072628501255e+19,4.466835921509616e+20,0.6221096626969724,0.29295163135613433,0.08493870594689332
5.0118723362727146e+20,power,1.798203485522397,29.250507127500253,0.9999999999999999,2.4708101791698547,3.15590183219812e+20,1.4250847072518118e+20,4.3088579682278334e+19,5.0118723362727146e+20,0.6296851995526159,0.28434178120180026,0.08597301924558384
5.6234132519034906e+20,power,1.8758123429007931,31.83627631802553,1.0,2.454419808012813,3.58313280416115e+20,1.5510633822142038e+20,4.892170655281358e+19,5.623413251903489e+20,0.6371811289074802,0.2758224076256851,0.08699646346683465
6.309573444801943e+20,power,1.9573985034641554,34.63013660097979,0.9999999999999999,2.4384286211613753,4.067098653451027e+20,1.6871802551997347e+20,5.5529453615118025e+19,6.309573444801942e+20,0.6445916968922284,0.26740005009208595,0.08800825301568559
7.079457843841402e+20,power,2.043190755358953,37.64682559054866,0.9999999999999998,2.4228241957256884,4.615178760913192e+20,1.834153342771529e+20,6.301257401566812e+19,7.079457843841402e+20,0.6519113274935385,0.2590810459260104,0.08900762658045112
7.943282347242789e+20,power,2.1334312495139898,40.9019667424751,1.0,2.407594534401733,5.235692040898699e+20,1.9927438196933873e+20,7.148464866507024e+19,7.943282347242789e+20,0.659134575861586,0.25087158338077875,0.08999384075763521
8.91250938133744e+20,power,2.228376826097908,44.41210699529422,0.9999999999999999,2.392728052100957,5.938014601589665e+20,2.1637578528107335e+20,8.107369269370425e+19,8.91250938133744e+20,0.6662561964898136,0.24277762414944384,0.09096617936074257
1e+21,power,2.3282998720793575,48.19476277603222,1.0,2.378213562979752,6.732711600379848e+20,2.3480488424482898e+20,9.192395571718619e+19,1e+21,0.6732711600379848,0.23480488424482898,0.09192395571718619
1.1220184543019653e+21,power,2.4334889097776204,52.26847388033484,1.0,2.3640402678507613,7.631685091127763e+20,2.5465200474499134e+20,1.0419794044419773e+20,1.1220184543019653e+21,0.6801746497008927,0.2269588381266122,0.09286651217249522
1.2589254117941712e+21,power,2.5442495900922903,56.65285554980106,1.0,2.350197741958764,8.648340270608345e+20,2.760127122386308e+20,1.1807867249470595e+20,1.2589254117941712e+21,0.686962086044722,0.219244690473972,0.09379322348130606
1.4125375446227498e+21,power,2.660906080304263,61.36864738565439,1.0,2.33667592310463,9.797772418112165e+20,2.989880500629082e+20,1.3377225274862476e+20,1.4125375446227493e+21,0.6936291679757713,0.2116673296232702,0.09470350240095864
1.584893192461111e+21,power,2.783801835760573,66.43777668854607,1.0,2.3234651001016315,1.1096976282565533e+21,3.236848480265964e+20,1.5151071617796145e+20,1.584893192461111e+21,0.7001718687007246,0.2042313321593365,0.09559679913993896
1.7782794100389228e+21,power,2.9133004957181274,71.88342569655774,1.0,2.3105559015492543,1.256508118294193e+21,3.502160499936293e+20,1.715552417511005e+20,1.7782794100389228e+21,0.7065864403539884,0.19694095765634706,0.09647260198966455
1.995262314968883e+21,power,3.049787573880464,77.73008897840019,1.0,2.2979392849104765,1.422361556897686e+21,3.787009935027657e+20,1.9419976456843077e+20,1.9952623149688826e+21,0.7128694539193303,0.18980010330555047,0.09733044277511924
2.238721138568347e+21,power,3.1936712727368377,84.00365304007738,1.0,2.2856065258794045,1.6096803211142858e+21,4.09265797611257e+20,2.1977501984280383e+20,2.2387211385683467e+21,0.7190177880500427,0.18281231662152475,0.0981698953284325
2.5118864315095717e+21,power,3.345384287159314,90.73146243234945,1.0,2.2735492080270383,1.8211896526330045e+21,4.420436849704065e+20,2.4865309390615953e+20,2.5118864315095707e+21,0.7250286596510347,0.1759807606846107,0.0989905796643546
2.818382931264449e+21,power,3.505384462350654,97.94241692424256,1.0,2.2617592127138746,2.0599549589478577e+21,4.771754552549098e+20,2.8125251706168086e+20,2.818382931264448e+21,0.7308996006528017,0.16930824053806923,0.0997921588091292
3.1622776601683794e+21,power,3.6741564477856223,105.6670560149622,1.0,2.2502287092589928,2.3294237710553873e+21,5.148098969048959e+20,3.180439922080956e+20,3.1622776601683784e+21,0.7366284752273635,0.16279718362159393,0.1005743411510427
3.5481338923357606e+21,power,3.852215246414779,113.93760335952553,1.0,2.238950145356166,2.633473036809144e+21,5.551040035676084e+20,3.5955685195900846e+20,3.5481338923357606e+21,0.7422135456888045,0.15644956487315073,0.10133688943804478
3.9810717055349854e+21,power,4.040103185181345,122.78817936297028,1.0,2.2279162377285093,2.9764614872817273e+21,5.982240098563912e+20,4.063862083968652e+20,3.9810717055349833e+21,0.7476533223813775,0.15026707733615183,0.10207960028247075
4.4668359215096167e+21,power,4.23839731889912,132.25476910839996,1.0,2.2171199630140266,3.3632895528039875e+21,6.443452350961245e+20,4.592011336095044e+20,4.466835921509616e+21,0.752946741698837,0.1442509298345485,0.10280232846661454
5.011872336272714e+21,power,4.447706484714215,142.37545601787423,1.0,2.2065545488753413,3.799465433969056e+21,6.936532217190833e+20,5.187536805845751e+20,5.011872336272714e+21,0.7580930197425351,0.1384020132952842,0.10350496696218078
5.623413251903491e+21,power,4.668676209442646,153.1904679926738,1.0,2.196213465327708,4.291180160584688e+21,7.463439600603068e+20,5.858891312584961e+20,5.623413251903491e+21,0.7630917324335269,0.13272080969821556,0.10418745786825755
6.309573444801943e+21,power,4.901989812366787,164.7423311002773,1.0,2.186090416280196,4.845391372314693e+21,8.02624637120551e+20,6.615574353666994e+20,6.309573444801943e+21,0.7679427800791356,0.12720743234739307,0.10484978757347133
7.079457843841402e+21,power,5.148370010210091,177.07602543254188,1.0,2.176179331285703,5.469917393184588e+21,8.62714395907344e+20,7.468260547494691e+20,7.079457843841401e+21,0.772646368385823,0.12186164745056587,0.10549198416361105
7.943282347242789e+21,power,5.408581447616324,190.23912833043278,1.0,2.1664743574961207,6.173542920592079e+21,9.268450332258684e+20,8.428943934248385e+20,7.943282347242786e+21,0.7772030063535377,0.11668287651232592,0.10611411713413635
8.912509381337441e+21,power,5.683435720818795,204.28189079734673,1.0,2.1569698518196003,6.966137971644269e+21,9.952613719646734e+20,9.511100377284976e+20,8.91250938133744e+21,0.781613535939853,0.11167016261982562,0.10671630144032129
1e+22,power,5.973787923340154,219.257593492326,0.9999999999999999,2.1476603732774278,7.858790184630491e+21,1.068222995494612e+21,1.0729868198748832e+21,9.999999999999987e+21,0.7858790184630501,0.10682229954946133,0.10729868198748846
1.1220184543019653e+22,power,6.280545583587345,235.22253276321837,1.0,2.1385406755584695,8.863955035837563e+21,1.1460041796223998e+21,1.2102253275596888e+21,1.122018454301965e+22,0.7900008241265555,0.10213773001936557,0.10786144585407906
1.2589254117941714e+22,power,6.604668098690644,252.23631952080248,1.0,2.1296056997695785,9.995623037221107e+21,1.2288953487053499e+21,1.3647357320152553e+21,1.2589254117941712e+22,0.7939805602125178,0.09761462729979978,0.10840481248768244
1.4125375446227496e+22,power,6.947171084277377,270.362040091651,1.0,2.1208505673806526,1.1269508083265753e+22,1.3172038593265237e+21,1.5386635036352174e+21,1.4125375446227494e+22,0.7978200739630984,0.09325089193847327,0.10892903409842836
1.584893192461111e+22,power,7.309127857206817,289.6665332682483,1.0,2.112270573363301,1.2703258365668874e+22,1.4112553500829056e+21,1.7344182088593234e+21,1.5848931924611103e+22,0.8015214164648249,0.08904419280717774,0.1094343907279974
1.7782794100389228e+22,power,7.691675738885053,310.22051833014706,1.0,2.10386117952224,1.4316693807266028e+22,1.5113943653044763e+21,1.9547059278187216e+21,1.7782794100389225e+22,0.8050868567922443,0.08499195102705459,0.1099211921807011
1.995262314968883e+22,power,8.096015301963016,332.09899683139525,0.9999999999999999,2.0956180080186435,1.6132071360681258e+22,1.617986312562557e+21,2.2025654764450147e+21,1.995262314968883e+22,0.8085188217937573,0.08109140840400178,0.11038976980224101
2.238721138568347e+22,power,8.5234211735682,355.38125354211655,1.0,2.087536835084716,1.8174384606780513e+22,1.731417467257192e+21,2.481409311645766e+21,2.238721138568347e+22,0.8118199401289862,0.07733957737873626,0.1108404824922776
2.511886431509572e+22,power,8.97523618976308,380.15150263360175,0.9999999999999999,2.079613584928721,2.0471697144179503e+22,1.852098120830907e+21,2.795069050085309e+21,2.511886431509572e+22,0.8149929426497439,0.07373335424714442,0.11127370310311173
2.8183829312644493e+22,power,9.452885269481339,406.49881689713766,1.0,2.0718443238296307,2.3055520069851267e+22,1.9804622359228546e+21,3.14784700687036e+21,2.818382931264448e+22,0.8180407216526665,0.07026945181768944,0.11168982652964407
3.1622776601683792e+22,power,9.957873939373881,434.51766626211156,1.0,2.0642252544204256,2.5961232870414228e+22,2.1169700700290076e+21,3.544573661240556e+21,3.162277660168379e+22,0.8209662673653993,0.06694447159697821,0.11208926103762253
3.5481338923357603e+22,power,10.49179541031465,464.30815835598827,1.0,2.056752710158901,2.922855722886603e+22,2.262109347510375e+21,3.9906723469811757e+21,3.548133892335758e+22,0.823772667993222,0.06375490373677005,0.11247242827000792
3.981071705534985e+22,power,11.056334859112727,495.9764182399024,1.0,2.0494231499846363,3.2902088173702238e+22,2.416397109664805e+21,4.492231771982813e+21,3.981071705534985e+22,0.8264630885185421,0.060697151129059705,0.1128397603523983
4.466835921509617e+22,power,11.653273512274325,529.6350134766866,0.9999999999999996,2.0422331531605495,3.703189004232556e+22,2.580381785658412e+21,5.056087387112183e+21,4.466835921509615e+22,0.8290407503889293,0.05776755249130227,0.11319169711976848
5.011872336272714e+22,power,12.284497772294788,565.4032006207196,1.0,2.0351794142972026,4.167416615084144e+22,2.754644393424146e+21,5.689912818461551e+21,5.0118723362727135e+22,0.8315089322852577,0.05496238149339517,0.11352868622134718
5.623413251903491e+22,power,12.952003928240124,603.4073906761054,0.9999999999999999,2.028258738557769,4.689200936619624e+22,2.939800807373984e+21,6.40232234546466e+21,5.623413251903489e+22,0.8338709475125912,0.05227787245368959,0.11385118003371912
6.309573444801943e+22,power,13.657896703031557,643.7819364695789,1.0,2.0214680370412776,5.275624312547481e+22,3.1365055944797884e+21,7.202985728064825e+21,6.309573444801942e+22,0.8361301058938831,0.04971026364807207,0.11415963045804481
7.079457843841402e+22,power,14.404416100290655,686.6687071625504,1.0,2.0148043223415057,5.934637068610806e+22,3.3454499412959455e+21,8.102757811009955e+21,7.079457843841395e+22,0.8382897673122669,0.047255736457365013,0.11445449623036819
7.94328234724279e+22,power,15.193912784709354,732.2190021859203,0.9999999999999997,2.0082647042785906,6.675162995111868e+22,3.567370978649799e+21,9.113822542659405e+21,7.94328234724279e+22,0.8403532322414422,0.04491053978319274,0.11473622797536492
8.91250938133744e+22,power,16.028891972628887,780.5924360106326,1.0,2.001846385800198,7.507219098879394e+22,3.8030463482438017e+21,1.0249856476336666e+22,8.91250938133744e+22,0.8423238369430851,0.04267088185295244,0.11500528120396254
1.0000000000000001e+23,power,16.911992229042877,831.9588166766861,1.0,1.9955466590488236,8.442048625511894e+22,4.0533033548488146e+21,1.152621039003224e+22,1e+23,0.8442048625511894,0.04053303354848815,0.1152621039003224
1.1220184543019653e+23,power,17.846008266599682,886.4980805497095,0.9999999999999996,1.989362901591568,9.492271244288921e+22,4.319018648438177e+21,1.296011433886914e+22,1.1220184543019653e+23,0.8459995651492462,0.0384932942223766,0.1155071406283771
1.2589254117941714e+23,power,18.83389542191461,944.4011211917389,1.0,1.9832925728085378,1.067205117171847e+23,4.601122262446152e+21,1.4570907199786285e+22,1.2589254117941714e+23,0.8477111568118304,0.03654801324479432,0.11574082994337526
1.4125375446227497e+23,power,19.87878200637269,1005.8703110716675,1.0,1.977333210435816,1.1997285984285577e+23,4.900600155541164e+21,1.6380294463877909e+22,1.4125375446227484e+23,0.8493428036625913,0.03469359221067632,0.11596360412673247
1.584893192461111e+23,power,20.983972931060002,1071.1205112165821,1.0,1.9714824272587839,1.3485818287963146e+23,5.218499130647188e+21,1.8412637235832351e+22,1.58489319246111e+23,0.8508976095115672,0.032926503536453544,0.11617588695197932
1.7782794100389228e+23,power,22.152966938616448,1140.379492750461,1.0,1.9657379079514543,1.5157673520226294e+23,5.555928888680246e+21,2.0695276912948965e+22,1.7782794100389214e+23,0.8523786214166724,0.031243284139237954,0.11637809444408967
1.9952623149688827e+23,power,23.389467298090086,1213.8887423602007,1.0,1.9600974060573277,1.703532662577217e+23,5.914065952778898e+21,2.32588992863876e+22,1.995262314968882e+23,0.8537888225507758,0.029640543543624904,0.11657063390559926
2.238721138568347e+23,power,24.69738596391061,1291.9046820127355,0.9999999999999999,1.954558741107224,1.9144001136151042e+23,6.294159610766045e+21,2.6137942884558226e+22,2.238721138568347e+23,0.8551311195638038,0.028114978245084757,0.11675390219111136
2.5118864315095718e+23,power,26.080868433864648,1374.698933712293,1.0,1.9491197958694544,2.15120052157946e+23,6.697533205046292e+21,2.9371057787964892e+22,2.5118864315095718e+23,0.8564083529392091,0.02666335993949084,0.11692828712130002
2.818382931264449e+23,power,27.54429028765229,1462.5601059823107,1.0,1.9437785137276662,2.4171108073389758e+23,7.125592836345818e+21,3.3001619556201486e+22,2.8183829312644487e+23,0.8576232777050474,0.0252825574456235,0.11709416484932915
3.162277660168379e+23,power,29.092291477606874,1555.7937515669478,1.0,1.9385328961816672,2.7156963179775085e+23,7.57982715763417e+21,3.7078307061452914e+22,3.162277660168379e+23,0.8587785798141798,0.02396951808852412,0.11725190209729602
3.5481338923357603e+23,power,30.729766766903957,1654.7246814125842,0.9999999999999999,1.9333810004665402,3.05095821139489e+23,8.061818647842107e+21,4.16557494462449e+22,3.54813389233576e+23,0.8598768546996473,0.02272129207202764,0.11740185322832518
3.9810717055349855e+23,power,32.46190586093528,1759.6968146370775,1.0,1.9283209372853767,3.4273867404321894e+23,8.573242880911843e+21,4.6795253629367504e+22,3.981071705534983e+23,0.8609206248827441,0.021535012466598506,0.11754436265065736
4.466835921509616e+23,power,34.294195314390464,1871.0751254326747,1.0,1.9233508686509997,3.850020947969147e+23,9.115878011107991e+21,5.256561934293876e+22,4.466835921509615e+23,0.8619123280149479,0.020407908800077847,0.11767976318497422
5.011872336272715e+23,power,36.232437620176164,1989.246824559743,1.0,1.9184690058321001,4.324515688919664e+23,9.691610529255068e+21,5.9044054206049816e+22,5.011872336272713e+23,0.8628543184593105,0.019337305260378274,0.1178083762803112
5.623413251903491e+23,power,38.282769689458966,2114.622700535237,1.0,1.9136736073992857,4.8572168294815345e+23,1.0302441797007675e+22,6.6317200445187895e+22,5.62341325190349e+23,0.8637488677961551,0.01832062012074315,0.11793051208310174
6.309573444801942e+23,power,40.451688062999104,2247.638232221352,1.0,1.9089629773666161,5.455245638897332e+23,1.0950493467382427e+22,7.448228712307825e+22,6.309573444801938e+23,0.8645981676291552,0.017355362550544286,0.11804646982030066
7.079457843841402e+23,power,42.746052630202946,2388.7560179923357,1.0,1.9043354634243046,6.126593427948864e+23,1.163801931965866e+22,8.364842226959516e+22,7.079457843841402e+23,0.8654043237616764,0.016439139234062768,0.11815653700426089
7.94328234724279e+23,power,45.17314031836336,2538.4656344816663,1.0,1.899789455258366,6.880227857987016e+23,1.2367404571194676e+22,9.393804435438269e+22,7.94328234724279e+23,0.8661693689354032,0.015569639892616373,0.11826099117198036
8.912509381337441e+23,power,47.7406434632749,2697.286673767932,0.9999999999999999,1.8953233829531042,7.72621208463585e+23,1.314118067459736e+22,1.054885489955615e+23,8.912509381337438e+23,0.8668952540812285,0.014744647228214591,0.11836009869055708
1e+24,power,50.45667553587638,2865.771598692414,0.9999999999999999,1.89093571547246,8.675838462909173e+23,1.3962039228829436e+22,1.1845411448025325e+23,1e+24,0.8675838462909172,0.013962039228829435,0.11845411448025325
1.1220184543019652e+24,power,53.329854574339585,3044.5044455003663,1.0,1.8866249592163566,9.741778759767895e+23,1.4832825658477784e+22,1.3300775266669766e+23,1.1220184543019648e+24,0.8682369458734521,0.0132197697832926,0.11854328434325534
1.2589254117941714e+24,power,56.369272869758845,3234.1060568960334,0.9999999999999999,1.88238965664832,1.0938252408654741e+24,1.5756564709197467e+22,1.4934360621949939e+23,1.258925411794171e+24,0.8688562726735315,0.012515884230775699,0.11862784309569283
1.4125375446227496e+24,power,59.58455489080896,3435.2346134031304,0.9999999999999997,1.8782283849907813,1.2281215523107543e+24,1.6736463036500029e+22,1.67679529275495e+23,1.4125375446227493e+24,0.869443475669705,0.011848508452191184,0.11870801587810374
1.584893192461111e+24,power,62.98590010427155,3648.5871994418108,1.0,1.874139754984602,1.3788572931945948e+24,1.77759168356805e+22,1.8825998243083533e+23,1.5848931924611105e+24,0.8700001361312104,0.01121584528234175,0.11878401858644792
1.7782794100389228e+24,power,66.58406555485519,3874.9050561901313,1.0,1.8701224097095066,1.548041593681221e+24,1.887853743375832e+22,2.113592789239427e+23,1.778279410038922e+24,0.8705277612404781,0.01061618175815527,0.11885605700136662
1.9952623149688828e+24,power,70.39045389982985,4114.973075655793,1.0,1.8661750234622374,1.7379289354859408e+24,2.0048148824595024e+22,2.3728523065834714e+23,1.9952623149688828e+24,0.8710277954169874,0.010047876248746614,0.11892432833426603
2.238721138568347e+24,power,74.4171279514035,4369.623743289577,1.0,1.862296300689382,1.951049095223227e+24,2.1288806877306817e+22,2.6638323646781126e+23,2.238721138568345e+24,0.8715016183171955,0.009509360728563515,0.11898902095424109
2.511886431509572e+24,power,78.67682959072741,4639.7411507111765,1.0,1.8584849749719674,2.1902407431575323e+24,2.2604818886264854e+22,2.990408694657751e+23,2.511886431509572e+24,0.871950545089437,0.008999140487685187,0.11905031442287782
2.818382931264449e+24,power,83.18305136862348,4926.262251515655,1.0,1.8547398080590365,2.4586891555388253e+24,2.4000749689384273e+22,3.356930260362343e+23,2.818382931264444e+24,0.8723758323485713,0.008515787341437148,0.11910838030999159
3.1622776601683796e+24,power,87.950082445184,5230.179902075285,1.0,1.8510595889475627,2.759968521543994e+24,2.548143648291079e+22,3.7682770214147335e+23,3.1622776601683785e+24,0.8727786798446525,0.008057937733890833,0.11916338242145656
3.5481338923357605e+24,power,92.99300075674444,5552.549427935515,1.0,1.8474431330061767,3.098089398923209e+24,2.7052020812901834e+22,4.229924725996489e+23,3.54813389233576e+24,0.8731602281456511,0.0076242953715293165,0.11921547648281958
3.9810717055349857e+24,power,98.32779573737942,5894.487868953804,1.0,1.8438892811403111,3.477551994929703e+24,2.8717944897542933e+22,4.7480176570773556e+23,3.9810717055349814e+24,0.8735215670932974,0.0072136216128977715,0.1192648112938049
4.4668359215096164e+24,power,103.97134426059847,6257.182266756422,1.0,1.8403968989964852,3.903405909349463e+24,3.0484992003637288e+22,5.329450201565134e+23,4.466835921509614e+24,0.8738637321673249,0.006824739600762986,0.1193115282319121
5.011872336272715e+24,power,109.94155531936798,6641.88835006087,1.0,1.8369648762035675,4.381317212779697e+24,3.235928004149656e+22,5.981958434515213e+23,5.011872336272715e+24,0.8741877124583831,0.006456525200632279,0.11935576234098458
5.62341325190349e+24,power,116.2573138729914,7049.94162233139,1.0,1.8335921256489756,4.91764365584188e+24,3.434731558399853e+22,6.714222804776113e+23,5.62341325190349e+24,0.8744944459092151,0.006107912409313361,0.11939764168147149
6.309573444801943e+24,power,122.93862198557845,7482.757141241154,0.9999999999999999,1.8302775827878617,5.519519109581603e+24,3.645599279212689e+22,7.535983424282082e+23,6.309573444801938e+24,0.8747848262434901,0.005777885480065328,0.11943728827644452
7.079457843841402e+24,power,130.00668553163797,7941.832975668814,1.0,1.8270202049834627,6.194948293275408e+24,3.869261025745846e+22,8.458169403085359e+23,7.079457843841401e+24,0.8750597051248139,0.005465476468811539,0.11947481840637462
7.943282347242789e+24,power,137.48381249887913,8428.76564260793,1.0,1.8238189708768693,6.952913011231819e+24,4.1064946210785836e+22,9.493043898001844e+23,7.943282347242789e+24,0.8753198875834068,0.005169770431871905,0.11951034198472116
8.912509381337441e+24,power,145.39373925940708,8945.240133440819,1.0,1.820672879784581,7.803491469445669e+24,4.3581209930123664e+22,1.0654367019616487e+24,8.912509381337441e+24,0.8755661436706,0.004889892180240682,0.11954396414915927
1e+25,power,153.76154329839866,9493.045582223695,1.0,1.8175809511222984,8.757992035948564e+24,4.625011807659384e+22,1.1957578459748441e+24,1e+25,0.8757992035948563,0.004625011807659384,0.1195757845974844
1.1220184543019654e+25,power,162.6137059547633,10074.082530844344,1.0,1.8145422238534905,9.829103366608438e+24,4.9080930090273644e+22,1.342000246320939e+24,1.1220184543019651e+25,0.8760197596503313,0.0043743424987433095,0.11960589785092526
1.2589254117941714e+25,power,171.9782123456409,10690.368573765463,1.0,1.8115557559613618,1.103106285979322e+25,5.2083475691385335e+22,1.506107782457101e+24,1.2589254117941705e+25,0.8762284688552109,0.004137137530424303,0.1196343936143648
1.4125375446227497e+25,power,181.88478554988154,11344.036339623046,1.0,1.8086206239429228,1.2379845701414407e+25,5.526814504664349e+22,1.6902615997664468e+24,1.4125375446227497e+25,0.8764259575642449,0.003912685029650246,0.11966135740610488
1.5848931924611239e+25,power,192.3647896027399,12037.352672246023,0.9999999999999999,1.8057359223239349,1.389337688502351e+25,5.864598221918261e+22,1.8969090573685436e+24,1.5848931924611235e+25,0.8766128185236878,0.0037003113205447856,0.11968687015576754
1.7782794100389228e+25,power,203.45143779594278,12772.719752870767,1.0,1.8029007631935898,1.5591769189717179e+25,6.222869063598638e+22,2.1287962200360524e+24,1.7782794100389217e+25,0.8767896148207619,0.0034993764357100867,0.11971100874352804
1.995262314968883e+25,power,215.179799110869,13552.689588993198,1.0,1.8001142757578237,1.7497590139029134e+25,6.602870367757487e+22,2.389004306982111e+24,1.995262314968882e+25,0.8769568796923839,0.0033092743336158603,0.11973384597400014
2.238721138568347e+25,power,227.58707437383595,14379.962529221244,0.9999999999999999,1.7973756059102628,1.9636161609785097e+25,7.005917744236588e+22,2.680990598455992e+24,2.2387211385683457e+25,0.8771151203915621,0.003129428504309763,0.11975545110412796
2.5118864315095717e+25,power,240.71252216717096,15257.408644951245,1.0,1.79468391581983,2.2035895899968476e+25,7.433409491820247e+22,3.0086343202090297e+24,2.511886431509571e+25,0.8772648167347893,0.0029592936203540793,0.11977588964485658
2.8183829312644723e+25,power,254.59773962749256,16188.067852687698,1.0,1.7920383835341125,2.472867290538459e+25,7.886826657829446e+22,3.376288140681843e+24,2.8183829312644723e+25,0.8774064244807935,0.00279835169676216,0.11979522382244437
3.1622776601683795e+25,power,269.28666272448686,17175.168745169794,1.0,1.7894382025976479,2.775026323870012e+25,8.367742212646725e+22,3.78883594085719e+24,3.1622776601683778e+25,0.8775403750353326,0.0026461124265100677,0.1198135125381574
3.5481338923357606e+25,power,284.8258925633052,18222.127905390316,1.0,1.7868825816843221,3.114080307033305e+25,8.877820715506162e+22,4.2517576458694724e+24,3.548133892335759e+25,0.8776670783929427,0.0025021098371408516,0.11983081176991643
3.9810717055349854e+25,power,301.26461735326393,19332.576070080268,1.0,1.7843707442431396,3.494532679323359e+25,9.418831061343106e+22,4.771201951502826e+24,3.981071705534985e+25,0.8777869221659138,0.0023659033943668655,0.11984717443971943
4.466835921509617e+25,power,318.6548875302758,20510.36315538115,1.0,1.7819019281566542,3.921436478689856e+25,9.992648929301695e+22,5.35406793890455e+24,4.466835921509613e+25,0.8779002738396011,0.0022370754388320083,0.11986265072156688
5.0118723362727555e+25,power,337.05186145083826,21759.566376311974,1.0,1.7794753854114038,4.400461410899413e+25,1.0601260738539194e+23,6.008096646348e+24,5.011872336272752e+25,0.8780074821642334,0.002115229604276628,0.11987728823149002
5.6234132519034905e+25,power,356.5136373149463,23084.52643380695,0.9999999999999999,1.7770903817797261,4.937969090765725e+25,1.124678127855074e+23,6.741973798592137e+24,5.62341325190349e+25,0.8781088761517312,0.0019999919576858018,0.11989113189058304
6.309573444801943e+25,power,377.1020212909164,24489.82493876799,1.0,1.77474619651237,5.541097491282061e+25,1.1931442710167764e+23,7.565445108097107e+24,6.309573444801939e+25,0.8782047692696283,0.0018910062327584648,0.11990422449761325
7.0794578438414025e+25,power,398.8822226946429,25980.33250527806,1.0,1.7724421220413575,6.217855665630716e+25,1.265761799657147e+23,8.489445602141137e+24,7.079457843841402e+25,0.8782954574748665,0.0017879360645649794,0.11991660646056844
7.943282347242788e+25,power,421.9230977407898,27561.22336532008,1.0,1.7701774636925782,6.977230043893009e+25,1.3427828023583941e+23,9.526244753261923e+24,7.943282347242787e+25,0.8783812206190673,0.0016904633924091732,0.11992831598852334
8.912509381337514e+25,power,446.2977418423543,29237.96894491249,1.0,1.7679515394076328,7.829303709702796e+25,1.4244738469961365e+23,1.0689609331647551e+25,8.912509381337512e+25,0.8784623246621303,0.0015982859440001663,0.11993938939386953
1e+26,power,472.08334117830907,31016.381511238094,1.0,1.7657636794744742,8.785390209051846e+25,1.51111810722752e+23,1.199498609875879e+25,1e+26,0.8785390209051845,0.00151111810722752,0.11994986098758789
1e+17,log,0.02433522757745852,0.6026028203267082,0.4000000000000001,4.823509490748936,8.798686062881274e+16,0.0,1.2013139371187234e+16,9.999999999999997e+16,0.8798686062881277,0.0,0.12013139371187238
1.1220184543019653e+17,log,0.02579530957363673,0.6378606743718466,0.4,4.772360346555928,9.872288136162285e+16,0.0,1.3478964068573574e+16,1.1220184543019642e+17,0.8798686062881277,0.0,0.12013139371187237
1.2589254117941714e+17,log,0.027343398356043512,0.6751714698325704,0.4,4.722053580732528,1.1076889474960434e+17,0.0,1.5123646429812644e+16,1.2589254117941698e+17,0.8798686062881277,0.0,0.12013139371187236
1.4125375446227498e+17,log,0.02898482887893043,0.7146540039436041,0.4,4.672575105923528,1.24284744071687e+17,0.0,1.6969010390587672e+16,1.4125375446227469e+17,0.8798686062881276,0.0,0.12013139371187238
1.584893192461111e+17,log,0.030725253911719368,0.7564340875061103,0.4,4.623911072420052,1.394497764366299e+17,0.0,1.9039542809481204e+16,1.584893192461111e+17,0.8798686062881277,0.0,0.12013139371187237
1.778279410038923e+17,log,0.03257067361157687,0.8006446969039055,0.4,4.576047864131546,1.5646522261018198e+17,0.0,2.1362718393710176e+16,1.7782794100389216e+17,0.8798686062881277,0.0,0.12013139371187234
1.995262314968883e+17,log,0.034527458212722247,0.847426349503684,0.4,4.528972094626172,1.7555686722508925e+17,0.0,2.3969364271798856e+16,1.995262314968881e+17,0.8798686062881277,0.0,0.12013139371187238
2.238721138568347e+17,log,0.03660236113412145,0.8969277696057467,0.4000000000000001,4.482670603238528,1.9697804480598973e+17,0.0,2.6894069050844464e+16,2.2387211385683418e+17,0.8798686062881277,0.0,0.12013139371187237
2.511886431509572e+17,log,0.03880255109681456,0.9493061457617307,0.4,4.437130451243479,2.2101300136463786e+17,0.0,3.0175641786318556e+16,2.511886431509564e+17,0.8798686062881276,0.0,0.12013139371187236
2.8183829312644493e+17,log,0.041135632904393364,1.0047277289908279,0.4,4.392338918095005,2.4798066617178912e+17,0.0,3.385762695465494e+16,2.8183829312644406e+17,0.8798686062881277,0.0,0.12013139371187236
3.1622776601683795e+17,log,0.04360967301684964,1.0633683787208486,0.4,4.3482834977289855,2.7823888375484243e+17,0.0,3.79888822619945e+16,3.162277660168369e+17,0.8798686062881276,0.0,0.12013139371187238
3.5481338923357606e+17,log,0.04623323851981675,1.1254138518528578,0.4,4.3049518949287675,3.121891622773133e+17,0.0,4.262422695626251e+16,3.548133892335758e+17,0.8798686062881276,0.0,0.12013139371187237
3.9810717055349856e+17,log,0.0490154106752978,1.1910607857212387,0.4,4.26233202175251,3.502820013082164e+17,0.0,4.782516924528181e+16,3.981071705534982e+17,0.8798686062881277,0.0,0.12013139371187236
4.4668359215096166e+17,log,0.05196583168452995,1.260516949109859,0.4,4.220411994021218,3.930228696776408e+17,0.0,5.366072247332057e+16,4.466835921509614e+17,0.8798686062881276,0.0,0.12013139371187237
5.011872336272715e+17,log,0.05509472587859938,1.3340021986639294,0.4,4.17918012786644,4.409789127410284e+17,0.0,6.0208320886241736e+16,5.0118723362727014e+17,0.8798686062881277,0.0,0.12013139371187234
5.6234132519034906e+17,log,0.05841295496385068,1.4117486961572527,0.4000000000000001,4.138624936336638,4.947864780534512e+17,0.0,6.755484713689787e+16,5.6234132519034906e+17,0.8798686062881277,0.0,0.12013139371187237
6.309573444801943e+17,log,0.061932029770105146,1.4940022725338984,0.4,4.098735126061205,5.551595593150448e+17,0.0,7.579778516514746e+16,6.309573444801923e+17,0.8798686062881277,0.0,0.12013139371187237
7.079457843841403e+17,log,0.06566420283677474,1.58102193616311,0.4,4.059499593971121,6.228992706336287e+17,0.0,8.504651375051144e+16,7.079457843841402e+17,0.8798686062881276,0.0,0.12013139371187236
7.943282347242789e+17,log,0.06962242123254309,1.673082857622778,0.4,4.020907424075401,6.989044768221597e+17,0.0,9.542375790211888e+16,7.943282347242787e+17,0.8798686062881276,0.0,0.12013139371187236
8.912509381337441e+17,log,0.07382044150893068,1.770475550221534,0.4,3.9829478842921917,7.841837207887236e+17,0.0,1.0706721734502042e+17,8.91250938133744e+17,0.8798686062881276,0.0,0.12013139371187238
1e+18,log,0.0782729054950916,1.8735061230591965,0.4,3.945610423333816,8.798686062881276e+17,0.0,1.2013139371187237e+17,1e+18,0.8798686062881276,0.0,0.12013139371187237
1.1220184543019653e+18,log,0.08299530576623003,1.982499300215286,0.4000000000000001,3.9088846676446396,9.872288136162284e+17,0.0,1.3478964068573571e+17,1.122018454301964e+18,0.8798686062881277,0.0,0.12013139371187237
1.2589254117941714e+18,log,0.08800410598020501,2.097797853025173,0.4,3.872760418391002,1.1076889474960433e+18,0.0,1.5123646429812646e+17,1.2589254117941699e+18,0.8798686062881276,0.0,0.12013139371187237
1.4125375446227497e+18,log,0.09331676724394837,2.219764424307269,0.4000000000000003,3.8372276485022585,1.242847440716871e+18,2116.932319934148,1.696901039058768e+17,1.4125375446227497e+18,0.8798686062881264,1.498673311723918e-15,0.1201313937118722
1.5848931924611108e+18,log,0.09895183086539497,2.348782150147456,0.4,3.802276499762081,1.394497764366299e+18,0.0,1.90395428094812e+17,1.5848931924611108e+18,0.8798686062881277,0.0,0.12013139371187237
1.7782794100389228e+18,log,0.10492897459577433,2.4852560698470025,0.4,3.767897279949179,1.5646522261018207e+18,0.0,2.136271839371019e+17,1.7782794100389225e+18,0.8798686062881277,0.0,0.12013139371187236
1.995262314968883e+18,log,0.11126910196693202,2.6296139138018595,0.4,3.7340804600265587,1.7555686722508936e+18,0.0,2.3969364271798867e+17,1.9952623149688822e+18,0.8798686062881277,0.0,0.12013139371187237
2.238721138568347e+18,log,0.11799436795267448,2.782308571498863,0.4,3.700816671378539,1.9697804480599014e+18,0.0,2.6894069050844525e+17,2.2387211385683466e+18,0.8798686062881277,0.0,0.12013139371187238
2.511886431509572e+18,log,0.12512830483827567,2.9438183690771216,0.4,3.6680967030946903,2.2101300136463854e+18,0.0,3.017564178631865e+17,2.511886431509572e+18,0.8798686062881276,0.0,0.12013139371187236
2.818382931264449e+18,log,0.1326958973473439,3.1146487461060093,0.4,3.635911499299884,2.479806661717899e+18,0.0,3.3857626954655046e+17,2.818382931264449e+18,0.8798686062881277,0.0,0.12013139371187237
3.1622776601683794e+18,log,0.2312272407058831,1.0027200243911576,1.0,3.593284005630215,1.391137106643019e+18,1.581203967231698e+18,1.8993658629366022e+17,3.162277660168377e+18,0.4399161794568499,0.5000205981746416,0.06006322236850858
3.5481338923357604e+18,log,0.23957282180673622,1.105127753269585,1.0,3.5494623946495496,1.588551445846398e+18,1.7426922224164672e+18,2.168902240728949e+17,3.54813389233576e+18,0.44771462804089507,0.4911574014105881,0.06112797054851689
3.9810717055349857e+18,log,0.24827839199366955,1.2174625287750178,0.9999999999999999,3.5068652686205555,1.8136178337408484e+18,1.919834583560719e+18,2.4761928823341715e+17,3.9810717055349847e+18,0.4555602028517421,0.48224064411890005,0.06219915302935785
4.4668359215096166e+18,log,0.25736243858203045,1.3406189326707714,0.9999999999999999,3.465453078312862,2.0701497463283318e+18,2.1140417298159227e+18,2.8264444536536154e+17,4.466835921509616e+18,0.4634487997107138,0.47327499083545005,0.06327620945383612
5.011872336272715e+18,log,0.266844506356083,1.4755640048482708,1.0,3.4251875764695603,2.36247689082325e+18,2.326838600622398e+18,3.225568448270677e+17,5.011872336272715e+18,0.47137611102444865,0.46426533728368014,0.06435855169187138
5.623413251903491e+18,log,0.27674524249847526,1.6233422657293235,0.9999999999999999,3.3860317756295917,2.6955134939237156e+18,2.559872315609391e+18,3.680274423703846e+17,5.623413251903491e+18,0.47933761457266205,0.4552168231176839,0.0654455623096541
6.309573444801943e+18,log,0.28708654982175275,1.7850806583754266,1.0,3.347949907379342,3.074835884199265e+18,2.8149199678800056e+18,4.198175927226729e+17,6.309573444801943e+18,0.48732864608025556,0.446134749441587,0.06653660447815755
7.079457843841402e+18,log,0.29789159941514076,1.961994153283122,1.0,3.310907382985949,3.5067694581879844e+18,3.0938974622954844e+18,4.787909233579328e+17,7.079457843841402e+18,0.4953443520026906,0.437024632470542,0.06763101552676735
7.943282347242789e+18,log,0.3091849308297837,2.155391368037595,0.9999999999999999,3.2748707553661145,3.9984871862269e+18,3.3988683771897093e+18,5.459267838261795e+17,7.943282347242788e+18,0.5033797127474419,0.42789217713877425,0.06872811011378407
8.91250938133744e+18,log,0.32099253098035896,2.3666805219044145,1.0,3.2398076823454796,4.558120624488089e+18,3.7320533542525773e+18,6.223354025967739e+17,8.91250938133744e+18,0.5114295457610034,0.4187432735910942,0.06982718064790236
1e+19,log,0.33334194862316163,2.5973755194055146,0.9999999999999999,3.2056868911648966,5.194885301668385e+18,4.0958396918104934e+18,7.092750065211236e+17,1e+19,0.5194885301668385,0.40958396918104933,0.07092750065211235
1.1220184543019653e+19,log,0.3462623334516848,2.84910264690631,0.9999999999999999,3.172478144190973,5.919221584566903e+18,4.492791904773208e+18,8.081710536795343e+17,1.1220184543019645e+19,0.5275511790266763,0.40042049999688156,0.0720283209764422
1.2589254117941713e+19,log,0.3597845811826225,3.1236071188456793,0.9999999999999998,3.1401522057894566,6.742954074197706e+18,4.925662047480214e+18,9.206379962637933e+17,1.258925411794171e+19,0.5356118806584349,0.3912592439023336,0.07312887543923163
1.4125375446227497e+19,log,0.3739415096853291,3.422759666095451,1.0,3.108680810321015,7.679471500978715e+18,5.397400102981821e+18,1.0485038422669605e+18,1.4125375446227497e+19,0.5436649475416027,0.3821066649540505,0.07422838750434682
1.5848931924611109e+19,log,0.38876778836324694,3.7485647677122365,1.0,3.078036631219922,8.743927405679247e+18,5.911166963809789e+18,1.1938375551220733e+18,1.5848931924611109e+19,0.5517045216214972,0.3729694210264477,0.0753260573520551
1.7782794100389229e+19,log,0.4043002034470832,4.103167470904173,0.9999999999999999,3.048193251117181,9.953468659584066e+18,6.470345186483284e+18,1.3589802543218778e+18,1.7782794100389226e+19,0.5597246756271111,0.3638542486606007,0.07642107571228825
1.9952623149688828e+19,log,0.4205777654508784,4.488861295432718,0.9999999999999999,3.0191251329703945,1.1327491518312167e+19,7.078551456076436e+18,1.5465801753002214e+18,1.9952623149688828e+19,0.5677194137999256,0.3547679622359244,0.07751262396414986
2.238721138568347e+19,log,0.4376418178926553,4.9080965266518,1.0,2.990807592163636,1.2887929717899129e+19,7.739649663633845e+18,1.7596320041504942e+18,2.238721138568347e+19,0.5756826741780313,0.34571745137419485,0.07859987444777386
2.511886431509572e+19,log,0.4555362588915824,5.363488069097633,0.9999999999999998,2.9632167695413516,1.4659579737638234e+19,8.457763290611949e+18,2.0015212868455404e+18,2.511886431509572e+19,0.5836083810854555,0.336709621283677,0.07968199763086754
2.8183829312644493e+19,log,0.4743074587026425,5.857825988900725,1.0,2.9363296053411125,1.667046334990678e+19,9.237292033363775e+18,2.2760739293739392e+18,2.8183829312644493e+19,0.5914903601274538,0.32775148936981124,0.08075815050273503
3.162277660168379e+19,log,0.49400471751661174,6.394082410736941,1.0,2.9101238139908436,1.895224125056423e+19,1.008292267904252e+19,2.5876126720770365e+18,3.1622776601683788e+19,0.5993224911678091,0.3188500113714127,0.0818274974607782
3.5481338923357606e+19,log,0.514680341092842,6.975421532518607,1.0,2.8845778597368525,2.1540674001738187e+19,1.099964489791543e+19,2.941020023703987e+18,3.54813389233576e+19,0.6070986793443078,0.3100121143025494,0.08288920635314284
3.981071705534986e+19,log,0.536389601337187,7.605211531610479,1.0,2.85967093306979,2.4476138289153135e+19,1.1992770018451018e+19,3.341808747745708e+18,3.981071705534986e+19,0.6148127966427566,0.3012447628556191,0.08394244050162437
4.466835921509617e+19,log,0.5591913513418932,8.287030873070096,0.9999999999999998,2.8353829279163874,2.7804215955144335e+19,1.306794097487612e+19,3.796202285075707e+18,4.466835921509617e+19,0.6224588600010093,0.2925547569801862,0.08498638301880446
5.011872336272715e+19,log,0.5831476897459538,9.024684246266503,1.0,2.8116944195655718,3.1576342613382095e+19,1.4231157437864604e+19,4.311223311480435e+18,5.011872336272713e+19,0.6300308646102736,0.2839489213416037,0.08602021404812268
5.6234132519034905e+19,log,0.6083247867017912,9.82220743541556,1.0,2.7885866432983644,3.585055345853951e+19,1.5488783494956126e+19,4.894795565539261e+18,5.62341325190349e+19,0.6375230105382051,0.2754338477563119,0.08704314170548295
6.309573444801943e+19,log,0.6347924676183243,10.683885922253754,1.0,2.766041473691698,4.069230185004082e+19,1.6847576985386367e+19,5.55585561259224e+18,6.309573444801943e+19,0.6449295218770236,0.2670161007360334,0.08805437738694295
7.0794578438414025e+19,log,0.6626250521317437,11.614260338412512,0.9999999999999998,2.7440414045671644,4.61753991732734e+19,1.8314698098016324e+19,6.304481167124262e+18,7.079457843841398e+19,0.65224484970191,0.25870198681878936,0.08905316347930077
7.94328234724279e+19,log,0.6919010817290411,12.618145560317224,1.0,2.7225695295565235,5.23830513755879e+19,1.9897739482359714e+19,7.15203261448027e+18,7.943282347242788e+19,0.6594635452404725,0.2504976987160285,0.0900387560434992
8.91250938133744e+19,log,0.7227039591797876,13.700639683197549,0.9999999999999999,2.7016095232566992,5.940903925405548e+19,2.160474039983182e+19,8.111314159487043e+18,8.912509381337434e+19,0.6665803839540015,0.24240917429014538,0.09101044175585303
1e+20,log,0.7551220314363328,14.867140812670153,1.0,2.681145622947943,6.735903343268098e+19,2.3444213202643644e+19,9.196753364675378e+18,1e+20,0.6735903343268098,0.23444213202643643,0.09196753364675378
1.1220184543019654e+20,log,0.7892489509071645,16.123361338215666,1.0,2.661162610849791,7.63520761277031e+19,2.5425165841857712e+19,1.042460346063573e+19,1.1220184543019654e+20,0.6804885947727444,0.2266020290876171,0.09290937613963869
1.2589254117941713e+20,log,0.8251839527048879,17.475344476930463,1.0,2.6416457968905034,8.652224298211806e+19,2.755712795547385e+19,1.1813170241825186e+19,1.258925411794171e+20,0.6872706053237099,0.21889404802942627,0.09383534664686385
1.4125375446227496e+20,log,0.8630321883743816,18.929481266332985,1.0,2.62258100196674,9.802050985245129e+19,2.9850177664635625e+19,1.3383066945188016e+19,1.4125375446227493e+20,0.69393206733227,0.21132307440796416,0.09474485825976592
1.5848931924611108e+20,log,0.9029050986237147,20.492528227933207,0.9999999999999997,2.6039545416713565,1.1101684932414774e+20,3.231496942757302e+19,1.5157500494390307e+19,1.5848931924611105e+20,0.7004689644212213,0.2038936729698014,0.09563736260897743
1.778279410038923e+20,log,0.9449207669200154,22.17162679686551,0.9999999999999998,2.5857532104683885,1.2570258358055114e+20,3.4962764678476587e+19,1.7162592744864582e+19,1.778279410038923e+20,0.7068775743053773,0.19661007421612853,0.09651235147849418
1.995262314968883e+20,log,0.9892042865547248,23.97432420677855,1.0,2.5679642662954913,1.4229302563558828e+20,3.78054647611877e+19,1.942774110011232e+19,1.995262314968883e+20,0.7131544788275491,0.18947616299652956,0.09736935817592136
2.238721138568347e+20,log,1.0358881153480386,25.90859653082912,0.9999999999999998,2.5505754155753744,1.6103044338979986e+20,4.085564726288082e+19,2.1986023204154003e+19,2.238721138568347e+20,0.7192965689901788,0.18249547279036207,0.09820795821945906
2.5118864315095718e+20,log,1.0851126024340934,27.982870292628125,1.0,2.5335747986190476,1.821873912408563e+20,4.412660009268267e+19,2.4874651817418244e+19,2.5118864315095718e+20,0.7253010683742055,0.17567115909043643,0.09902777253535817
2.818382931264449e+20,log,1.1370264296515251,30.206047629701562,0.9999999999999999,2.5169509754049866,2.0607044694170088e+20,4.7632361162303816e+19,2.8135485022440227e+19,2.818382931264449e+20,0.731165537002627,0.16900599501194774,0.09982846798542533
3.1622776601683794e+20,log,1.1917869484600658,32.58753621754421,1.0,2.50069291171967,2.3302440207923334e+20,5.138776557371994e+19,3.1815598363884663e+19,3.1622776601683794e+20,0.7368878609692536,0.1625023830797443,0.1006097559510021
3.54813389233576e+20,log,1.249560978420562,35.137271441722085,1.0,2.484789965646201,2.634369796904827e+20,5.540848058268611e+19,3.5967928960407237e+19,3.54813389233576e+20,0.7424662870235158,0.15616231592154023,0.10137139705494402
3.9810717055349857e+20,log,1.3105248386829338,37.86575864240236,1.0,2.469231874389079,2.9774410341864754e+20,5.971107221475825e+19,4.065199492009268e+19,3.981071705534985e+20,0.7478993734392836,0.14998743210713947,0.10211319445357686
4.466835921509617e+20,log,1.374865501667611,40.784092261441344,1.0,2.454008741424427,3.364358488025081e+20,6.431303545861783e+19,4.593470788983579e+19,4.466835921509617e+20,0.753186046486359,0.14397895196670335,0.10283500154693759
5.0118723362727146e+20,log,1.4427809565816991,43.9039958748602,0.9999999999999997,2.439111023966213,3.800630949965386e+20,6.923285739387214e+19,5.189128123686074e+19,5.0118723362727146e+20,0.7583255707570321,0.13813771131560787,0.10353671792736012
5.6234132519034906e+20,log,1.5144802534843462,47.23787535821333,0.9999999999999999,2.4245295207402178,4.292449766794132e+20,7.449010102830655e+19,5.8606247482629235e+19,5.62341325190349e+20,0.7633175038916382,0.13246421291035676,0.10421828319800504
6.309573444801943e+20,log,1.5901854853709767,50.79882448610274,0.9999999999999999,2.4102553600585788,4.8467732023025e+20,8.010541412784082e+19,6.617461012210347e+19,6.309573444801943e+20,0.7681617853732171,0.126958525530493,0.1048796890962899
7.079457843841402e+20,log,1.6701307416517794,54.600714754397885,0.9999999999999999,2.396279988188823,5.471419933648788e+20,8.610067085851001e+19,7.470312016075145e+19,7.079457843841402e+20,0.7728586078676227,0.12162043020485126,0.1055209619275261
7.943282347242789e+20,log,1.754565096106732,58.658178774487304,0.9999999999999999,2.3825951580122444,6.175175584734252e+20,9.249894560061542e+19,8.431173065023832e+19,7.943282347242788e+20,0.7774085465912881,0.11644927318078142,0.10614218022793055
8.91250938133744e+20,log,1.843750419610346,62.98674403117225,1.0,2.3691929179673554,6.967910144241798e+20,9.932472387351608e+19,9.513519983604802e+19,8.912509381337439e+20,0.7818123769757167,0.11144417315453203,0.10674344986975119
1e+21,log,1.937965509678204,67.60278896627867,1.0,2.3560656012749304,7.860712402482138e+20,1.066038330832298e+20,1.0732492666855614e+20,9.999999999999997e+20,0.786071240248214,0.10660383308322982,0.10732492666855617
1.1220184543019653e+21,log,2.0375043429891297,72.52367580549713,1.0,2.3432058154417916,8.866038265394165e+20,1.1436365197903274e+20,1.2105097578351501e+20,1.1220184543019644e+21,0.7901864921562229,0.10192671211471403,0.10788679572906298
1.2589254117941712e+21,log,2.1426782713327155,77.76777213653202,1.0,2.3306064320410855,9.997878934014056e+20,1.2263314468036018e+20,1.3650437371240525e+20,1.258925411794171e+21,0.7941597524642443,0.09741096933263763,0.10842927820311815
1.4125375446227498e+21,log,2.2538168958793015,83.35451631673394,1.0,2.3182605767672304,1.1271949033350112e+21,1.314429638190651e+20,1.5389967746867354e+20,1.4125375446227498e+21,0.7979928799953095,0.0930544921226642,0.10895262788202627
1.584893192461111e+21,log,2.371268617670008,89.3045004717089,1.0,2.3061616197640586,1.2705897563115587e+21,1.408255814211467e+20,1.7347785472840483e+20,1.5848931924611102e+21,0.8016879385660786,0.08885493488836614,0.10945712654555527
1.7782794100389228e+21,log,2.495402169069754,95.63952766613379,1.0,2.2943031662249447,1.431954508721262e+21,1.5081537906025094e+20,1.9550952225740967e+20,1.7782794100389225e+21,0.8052471960466098,0.08480972011982635,0.10994308383356383
1.995262314968883e+21,log,2.6266075980530204,102.38269340219273,1.0,2.282679047263807,1.6135149623959935e+21,1.614487763737546e+20,2.2029857619913304e+20,1.995262314968881e+21,0.8086731004194596,0.08091606560327012,0.11041083397727025
2.238721138568347e+21,log,2.7652982050005592,109.55844025355151,1.0,2.2712833110559627,1.817770549054842e+21,1.7276431721588372e+20,2.4818627229762116e+20,2.238721138568347e+21,0.8119682785580427,0.07717098580949916,0.11086073563245812
2.5118864315095717e+21,log,2.9119101627291775,117.19270340855036,1.0,2.2601102142477556,2.0475277443183846e+21,1.848028991669169e+20,2.795557880242701e+20,2.5118864315095717e+21,0.8151354769203794,0.07357135929742478,0.1112931637821958
2.818382931264449e+21,log,3.0669055935230682,125.31294025126147,1.0,2.2491542136337537,2.305937744384495e+21,1.9760782017999028e+20,3.148373666999631e+20,2.818382931264448e+21,0.8181775864466905,0.07011390041712143,0.11170851313618818
3.1622776601683794e+21,log,3.2307726549262945,133.9482769764365,1.0,2.2384099581001533,2.5965385825797863e+21,2.112250097803666e+20,3.545140678082268e+20,3.1622776601683794e+21,0.8210975953457327,0.06679521296973007,0.11210719168453735
3.5481338923357606e+21,log,3.404028775706084,143.12954608351527,1.0,2.2278722808327545,2.923302561132216e+21,2.2570308819028928e+20,3.9912824301325196e+20,3.548133892335757e+21,0.8238986041216695,0.06361177312891866,0.11248962274941196
3.9810717055349854e+21,log,3.587220718993678,152.88945372347908,0.9999999999999999,2.2175361917876,3.2906892966749353e+21,2.41093630220699e+20,4.4928877863935115e+20,3.9810717055349854e+21,0.8265837794631546,0.06055998184747599,0.11285623868936938
4.4668359215096167e+21,log,3.7809267150423387,163.2626795575087,1.0,2.2073968704220364,3.703705360250288e+21,2.574513227398221e+20,5.056792385195061e+20,4.466835921509616e+21,0.8291563481021216,0.057636171837002155,0.11320748006087634
5.011872336272714e+21,log,3.98575921861908,174.28596015728297,0.9999999999999998,2.1974496586835865,4.16797123423661e+21,2.748340961883273e+20,5.690670058477718e+20,5.011872336272709e+21,0.831619593354666,0.054836611499310316,0.11354379514602372
5.623413251903491e+21,log,4.202364098192317,185.99833033160905,1.0,2.18769005425367,4.6897962342556133e+21,2.9330350513084416e+20,6.40313512517033e+20,5.62341325190349e+21,0.8339768080654836,0.05215755840664258,0.113865633527874
6.309573444801943e+21,log,4.431427680094545,198.44105282620131,0.9999999999999999,2.178113704042794,5.276263046166794e+21,3.129246173985067e+20,7.203857812366397e+20,6.309573444801941e+21,0.8362313383503879,0.049595209586839106,0.11417345206277298
7.079457843841402e+21,log,4.673672901972093,211.65801306893553,1.0,2.16871639793347,5.935321920993235e+21,3.337666365685583e+20,8.103692862796097e+20,7.079457843841402e+21,0.8383865052825366,0.0471457905295545,0.114467704187909
7.943282347242789e+21,log,4.929866330344987,225.69567450459954,1.0,2.1594940627667274,6.67589703986836e+21,3.559028315310602e+20,9.114824758433603e+20,7.943282347242781e+21,0.8404456430011773,0.0448055118743952,0.11474884512442743
8.912509381337441e+21,log,5.20081864848312,240.60332158729676,1.0,2.150442756567723,7.508005450789165e+21,3.794109196671914e+20,1.0250930108810807e+21,8.912509381337437e+21,0.8424120670785193,0.04257060536302694,0.11501732755845384
1e+22,log,5.487386629600187,256.4332589647661,0.9999999999999997,2.141558663005612,8.442890619768358e+21,4.043733809459335e+20,1.1527359992857066e+21,9.999999999999998e+21,0.844289061976836,0.04043733809459336,0.11527359992857068
1.1220184543019653e+22,log,5.79047651158723,273.24096598959113,1.0,2.132838086082496,9.493172373396797e+21,4.308777015750728e+20,1.296134468047776e+21,1.1220184543019647e+22,0.8460798783655241,0.03840201557496953,0.11551810605950623
1.2589254117941714e+22,log,6.111049427767754,291.08517280308666,1.0,2.124277445046005,1.0673015272139884e+22,4.590164939789985e+20,1.457222351822832e+21,1.2589254117941714e+22,0.8477877380304143,0.03646097613716654,0.11575128583241921
1.4125375446227496e+22,log,6.4501177339035225,310.02837038612626,1.0,2.1158732695197773,1.1998316939044576e+22,4.8888830110536296e+20,1.638170206077553e+21,1.4125375446227492e+22,0.8494157896701432,0.0346106411802266,0.11597356914963022
1.584893192461111e+22,log,6.8087550901204095,330.13671647950736,1.0,2.107622194845873,1.3486920292592905e+22,5.205974480695199e+20,1.8414141839486846e+21,1.584893192461111e+22,0.8509671413030464,0.03284747833771101,0.1161853803592426
1.7782794100389228e+22,log,7.188098062569594,351.4803445182751,0.9999999999999999,2.0995209576329876,1.5158851100778638e+22,5.542545293176068e+20,2.0696884702929772e+21,1.7782794100389221e+22,0.8524448416375044,0.03116802265092163,0.11638713571157397
1.995262314968883e+22,log,7.589346988206364,374.1337366492931,1.0,2.091566391504124,1.7036584484554234e+22,5.899769968434455e+20,2.3260616682911378e+21,1.995262314968882e+22,0.8538518648271035,0.029568893895169205,0.11657924127772717
2.238721138568347e+22,log,8.01377171644499,398.1758935761481,1.0,2.0837554230373,1.9145344284664476e+22,6.278894280194687e+20,2.6139776729995233e+21,2.238721138568347e+22,0.8551911158040811,0.028046790518134895,0.11676209367778388
2.511886431509572e+22,log,8.462717601572455,423.69051303220357,1.0,2.0760850678927425,2.151343897354136e+22,6.681238070335095e+20,2.9373015345208466e+21,2.5118864315095714e+22,0.8564654318631915,0.026598487839754218,0.11693608029705439
2.8183829312644493e+22,log,8.93760371967848,450.7665734722443,1.0,2.0685524271199833,2.417263802263352e+22,7.108204453207455e+20,3.3003708446902305e+21,2.8183829312644493e+22,0.8576775623527007,0.02522086113407735,0.11710157651322209
3.1622776601683792e+22,log,9.439936237419964,479.4982117953023,1.0,2.0611546836382293,2.715859527182728e+22,7.561277887430239e+20,3.708053541113485e+21,3.162277660168379e+22,0.85883019109654,0.023910860145745807,0.11725894875771427
3.5481338923357603e+22,log,9.971303579174819,509.98552027170206,1.0,2.0538890988833844,3.051132266167533e+22,8.042036742748507e+20,4.165812587407406e+21,3.5481338923357586e+22,0.8599259099996798,0.02266553908836395,0.1174085509119563
3.981071705534985e+22,log,10.533391817007283,542.3343818450509,0.9999999999999998,2.0467530096151427,3.4275723238850173e+22,8.552150702886736e+20,4.6797787462110103e+21,3.981071705534985e+22,0.8609672413384507,0.021482031310806244,0.11755072735074314
4.466835921509617e+22,log,11.127979776301245,576.6573463168157,1.0,2.039743824877612,3.850218772601441e+22,9.093394582232429e+20,5.2568320308585e+21,4.466835921509615e+22,0.8619566154335525,0.02035757467258663,0.117685809893861
5.011872336272714e+22,log,11.756945770872537,613.0739736709191,1.0,2.0328590231070165,4.3247264771894004e+22,9.667653739772143e+20,5.904693216855929e+21,5.011872336272714e+22,0.8628963762484145,0.019289505181135345,0.11781411857045021
5.623413251903491e+22,log,12.422290200504595,651.7103977351692,0.9999999999999999,2.0260961493801335,4.8574414124115265e+22,1.02769171984044e+21,6.632026675079204e+21,5.623413251903491e+22,0.8637888049161802,0.018275230252597436,0.11793596483122246
6.309573444801943e+22,log,13.126112454534377,692.7012665341398,0.9999999999999999,2.0194528127972147,5.455484833155305e+22,1.0923308242649889e+21,7.448555292201377e+21,6.309573444801942e+22,0.8646360773642684,0.017312276872930153,0.11805164576280144
7.079457843841402e+22,log,13.870647044366924,736.1886990809264,1.0,2.012926683993315,6.12684816180191e+22,1.1609067968147069e+21,8.365190023580207e+21,7.0794578438414e+22,0.8654403058748079,0.01639824436308508,0.1181614497621071
7.94328234724279e+22,log,14.658250007129388,782.3238417401532,0.9999999999999993,2.0065154927720634,6.880499075259055e+22,1.2336579824169514e+21,9.394174737420362e+21,7.943282347242786e+22,0.8662035131669924,0.015530833835274278,0.11826565299773335
8.91250938133744e+22,log,15.491415404867478,831.2669273832527,0.9999999999999998,2.0002170258560996,7.726500770653066e+22,1.3108370546454335e+21,1.0549249052198318e+22,8.91250938133744e+22,0.8669276451851097,0.014707833658950101,0.1183645211559403
1.0000000000000001e+23,log,16.37278241941406,883.1878711802769,1.0,1.9940291247485649,8.676145710180102e+22,1.392711955233081e+21,1.1845830942965902e+22,1.0000000000000001e+23,0.8676145710180101,0.01392711955233081,0.118458309429659
1.1220184543019653e+23,log,17.305144155718796,938.2668348115499,1.0,1.9879496837001955,9.742105699766318e+22,1.4795667837857072e+21,1.3301221648747616e+22,1.122018454301965e+23,0.8682660844314829,0.013186652840805384,0.11854726272771182
1.2589254117941714e+23,log,18.29145043779847,996.6951749333219,0.9999999999999999,1.981976647776788,1.093860023633144e+23,1.5717032934314625e+21,1.4934835522671194e+22,1.2589254117941706e+23,0.8688839016079738,0.012484483025817497,0.1186316153662087
1.4125375446227497e+23,log,19.334828929785356,1058.6754766179545,1.0,1.9761080110219584,1.2281585539540277e+23,1.6694409435531565e+21,1.6768458123318988e+22,1.4125375446227492e+23,0.8694696708270758,0.011818736782667389,0.11871159239025673
1.584893192461111e+23,log,20.43857892144134,1124.4231223565816,1.0,1.9703418147103338,1.3788966436427091e+23,1.7731193739716426e+21,1.8826535507868458e+22,1.5848931924611102e+23,0.8700249645854569,0.011187626916475327,0.11878740849806774
1.7782794100389228e+23,log,21.606205076841533,1194.1657778708675,1.0,1.9646761456864987,1.5480834415454372e+23,1.8830975941148198e+21,2.1136499255233705e+22,1.7782794100389224e+23,0.8705512940238976,0.010589435965372861,0.1188592700107295
1.9952623149688827e+23,log,22.841398215398115,1268.1458278564746,1.0,1.9591091347852096,1.7379734309559268e+23,1.999757823977357e+21,2.3729130577318256e+22,1.9952623149688827e+23,0.8710500959784987,0.010022530917237038,0.11892737310426436
2.238721138568347e+23,log,24.148072287317714,1346.6198419891195,1.0,1.9536389553285882,1.951096397273377e+23,2.1235046520577844e+21,2.6638969477439175e+22,2.2387211385683467e+23,0.8715227473668719,0.009485346859304493,0.11899190577382358
2.5118864315095718e+23,log,25.530368259348254,1429.8599240623412,1.0,1.9482638216961923,2.190291025235718e+23,2.2547671628336993e+21,2.9904773464551668e+22,2.5118864315095718e+23,0.8719705627453133,0.008976389754526637,0.11905304750016009
2.818382931264449e+23,log,26.992662187263704,1518.1549357141373,0.9999999999999999,1.9429819879640482,2.4587425996595252e+23,2.3940008664743134e+21,3.357003229401805e+22,2.8183829312644487e+23,0.8723947950381699,0.00849423561261869,0.11911096934921146
3.162277660168379e+23,log,28.539585590131416,1611.8111384808558,1.0,1.9377917466089207,2.7600253165080926e+23,2.5416887113046903e+21,3.7683545654723825e+22,3.162277660168378e+23,0.8727966399892706,0.008037525430860983,0.1191658345798684
3.5481338923357603e+23,log,30.176041220556122,1711.1531906010043,1.0,1.9326914272742592,3.098149752855722e+23,2.698342655680335e+21,4.230007129232346e+22,3.5481338923357603e+23,0.8731772381949738,0.0076049628834722405,0.11921779892155378
3.9810717055349855e+23,log,31.90721107678539,1816.5256931836254,1.0,1.9276793955944544,3.47761612312883e+23,2.8645061061628757e+21,4.74810521344523e+22,3.9810717055349815e+23,0.8735376753686237,0.007195314021046852,0.11926701061032945
4.466835921509616e+23,log,33.738579997228435,1928.2939822369108,1.0,1.9227540520741941,3.9034740466724516e+23,3.040755166481644e+21,5.329543231723455e+22,4.4668359215096136e+23,0.873878986213855,0.006807402868413375,0.11931361091773168
5.011872336272715e+23,log,35.675943197967094,2046.8459519917699,0.9999999999999999,1.9179138310198762,4.381389595094836e+23,3.227701512759444e+21,5.982057260502816e+22,5.011872336272712e+23,0.8742021546289503,0.006440111192376977,0.1193577341786727
5.623413251903491e+23,log,37.72544213293032,2172.592405419932,1.0,1.9131571995202012,4.9177205441468123e+23,3.425992946249721e+21,6.714327782941782e+22,5.623413251903487e+23,0.8745081187981689,0.006092372715254468,0.11939950848657668
6.309573444801942e+23,log,39.89356255097913,2305.9696951858864,1.0,1.9084826564732054,5.519600776533626e+23,3.6363175578925306e+21,7.536094926893909e+22,6.309573444801942e+23,0.8747977695831206,0.005763174943130684,0.11943905547374871
7.079457843841402e+23,log,42.18718332973286,2447.439615966968,0.9999999999999999,1.9038887316571607,6.195035026034969e+23,3.8594035585125167e+21,8.458287822213078e+22,7.079457843841402e+23,0.8750719564527367,0.005451552426249573,0.11947649112101366
7.94328234724279e+23,log,44.6135549892083,2597.4934917765627,1.0,1.8993739848428912,6.953005123769063e+23,4.0960257241790404e+21,9.49316966231936e+22,7.943282347242788e+23,0.8753314838647952,0.005156590871531618,0.11951192526367335
8.912509381337441e+23,log,47.18037378399105,2756.650934646065,1.0,1.8949370049452046,7.803589289315378e+23,4.3470034387534705e+21,1.0654500576345263e+23,8.91250938133744e+23,0.8755771192405013,0.004877418079195497,0.11954546268030311
1e+24,log,49.8957686323884,2925.4638029648213,1.0,1.8905764092112571,8.75809590330959e+23,4.613206935853726e+21,1.1957720273318693e+23,9.999999999999997e+23,0.8758095903309593,0.004613206935853728,0.11957720273318696
1.1220184543019652e+24,log,52.76832874983349,3104.518016794542,1.0,1.8862908424437983,9.829213639199729e+23,4.895560161450289e+21,1.3420153022054033e+23,1.1220184543019635e+24,0.8760295877053765,0.00436317258658276,0.11960723970804077
1.2589254117941714e+24,log,55.80717664274832,3294.4329071249404,1.0,1.8820789762573535,1.1031179951136265e+24,5.195039747697841e+21,1.5061237693284713e+23,1.2589254117941714e+24,0.8762377697511926,0.004126566752111289,0.11963566349669615
1.4125375446227496e+24,log,59.021912071092004,3495.868335775722,0.9999999999999999,1.8779395083655241,1.2379970011576163e+24,5.512686240413518e+21,1.6902785722471987e+23,1.4125375446227496e+24,0.8764347580497421,0.003902682984533205,0.11966255896572478
1.584893192461111e+24,log,62.422727043189234,3709.522025270748,1.0,1.8738711618976756,1.3893508850650466e+24,5.849599888516193e+21,1.896927075075477e+23,1.5848931924611105e+24,0.8766211449918496,0.0036908480119298187,0.11968800699622055
1.7782794100389228e+24,log,66.02040087826748,3936.1341513989114,1.0,1.8698726847434008,1.5591909275159717e+24,6.206947886103287e+21,2.128815346368474e+23,1.7782794100389225e+24,0.8767974924041012,0.003490423299658759,0.11971208429623997
1.9952623149688828e+24,log,69.8263198977614,4176.490772061269,1.0,1.865942848923229,1.7497738841999918e+24,6.585969779450324e+21,2.389024609894389e+23,1.9952623149688812e+24,0.8769643324954403,0.003300803974515522,0.11973486353004412
2.238721138568347e+24,log,73.85254891631313,4431.424448708177,1.0,1.8620804499841437,1.9636319452029995e+24,6.987978446964283e+21,2.6810121491838283e+23,2.2387211385683466e+24,0.8771221709456563,0.003121415314563505,0.11975641373978024
2.511886431509572e+24,log,78.11183466780098,4701.819200333043,1.0,1.8582843064185646,2.2036063440858413e+24,7.414367911209272e+21,3.008657195125202e+23,2.5118864315095705e+24,0.8772714866577539,0.002951713030574178,0.119776800311672
2.818382931264449e+24,log,82.61766343333964,4988.612543627495,0.9999999999999997,1.854553259105517,2.4728850727725165e+24,7.866616556057243e+21,3.376312419358743e+23,2.818382931264448e+24,0.8774127338555352,0.0027911808820556333,0.1197960852624091
3.1622776601683796e+24,log,87.38429947130902,5292.798999079338,1.0,1.8508861707728013,2.775045196661961e+24,8.346292655505495e+21,3.788861708509131e+23,3.1622776601683796e+24,0.8775463431361685,0.0026393294809732445,0.11981432738285822
3.5481338923357605e+24,log,92.42687525991279,5615.4308088953685,1.0,1.847281925479037,3.1141003374266607e+24,8.855055505779683e+21,4.2517849940332e+23,3.54813389233576e+24,0.8776727237248163,0.0024956937292888747,0.1198315825458949
3.9810717055349857e+24,log,97.76132329832251,5957.628603361227,1.0,1.8437394281145263,3.494553935907183e+24,9.394672245273736e+21,4.771230973825274e+23,3.981071705534984e+24,0.8777922615783627,0.002359834974138267,0.11984790344749913
4.4668359215096164e+24,log,103.40456759439674,6320.576753916169,1.0,1.8402576039199503,3.921459037115384e+24,9.967010526745023e+21,5.354098738674871e+23,4.466835921509616e+24,0.8779053240420087,0.002231335715455732,0.11986334024253559
5.011872336272715e+24,log,109.3744681342715,6705.534090164202,1.0,1.8368353980219603,4.4004853480076145e+24,1.0574055417126993e+22,6.00812932847973e+23,5.011872336272715e+24,0.8780122582452323,0.002109801429018606,0.11987794032574906
5.62341325190349e+24,log,115.68994389945618,7113.83422410089,0.9999999999999999,1.8334717749847984,4.937994493777581e+24,1.1217909908807185e+22,6.74200848217099e+23,5.623413251903487e+24,0.8781133935170251,0.001994857821450344,0.11989174866152451
6.309573444801943e+24,log,122.37098657138868,7546.892993504764,1.0,1.8301657183771176,5.541124446983273e+24,1.1900806657220746e+22,7.565481911614495e+23,6.309573444801943e+24,0.8782090414603627,0.001886150745582503,0.11990480779405485
7.079457843841402e+24,log,129.4387592168652,8006.211204931649,0.9999999999999998,1.8269162303532338,6.217884266367096e+24,1.26251123063185e+22,8.489484651679875e+23,7.079457843841402e+24,0.8782994974362606,0.0017833445137753594,0.1199171580499641
7.943282347242789e+24,log,136.91566509024494,8493.379711987622,0.9999999999999996,1.8237223312480852,6.97726039278467e+24,1.3393335496570407e+22,9.526286189615336e+23,7.943282347242774e+24,0.8783850413181619,0.0016861210405317423,0.11992883764130637
8.912509381337441e+24,log,144.8253826897947,9010.087144220643,1.0,1.8205830591852141,7.829335912380924e+24,1.420813905276851e+22,1.0689653299037423e+24,8.912509381337435e+24,0.8784659378620517,0.0015941794218494723,0.1199398827160988
1e+25,log,153.1929175821679,9558.127221346549,1.0,1.8174974696971364,8.785424373957704e+24,1.5072351517937557e+22,1.1995032745243586e+24,9.999999999999999e+24,0.8785424373957704,0.001507235151793756,0.11995032745243588
1.1220184543019654e+25,log,162.0448825614354,10139.392451885053,0.9999999999999999,1.814464635357493,9.858219954660106e+24,1.5988957216621384e+22,1.3459756311429266e+24,1.1220184543019654e+25,0.8786147782919616,0.0014250173119094104,0.11996020439612914
1.2589254117941714e+25,log,171.40919290143742,10755.904928302907,0.9999999999999999,1.8114836454244205,1.1061965896109968e+25,1.6961144816197505e+22,1.5103270770155474e+24,1.2589254117941714e+25,0.8786831842837206,0.0013472716220753018,0.11996954409420398
1.4125375446227497e+25,log,181.31560124345881,11409.795484218643,0.9999999999999999,1.8085536054946099,1.2412643569716027e+25,1.7992274459566396e+22,1.6947396020518946e+24,1.4125375446227488e+25,0.8787478688243372,0.0012737554855132473,0.11997837569014949
1.5848931924611239e+25,log,191.79541725629247,12103.334493518376,1.0,1.8056736371675508,1.3928184536261005e+25,1.9085926332730645e+22,1.9016614620175026e+24,1.5848931924611239e+25,0.8788090328429278,0.0012042405395844243,0.11998672661748774
1.7782794100389228e+25,log,202.8818904641216,12838.921951606379,1.0,1.8028428777195014,1.5628708542379268e+25,2.0245885023772905e+22,2.1338396729861828e+24,1.7782794100389224e+25,0.8788668672735288,0.00113850978139199,0.11999462294507915
1.995262314968883e+25,log,214.61011303165247,13619.108519343985,1.0,1.8000604797867261,1.7536790512360522e+25,2.1476172707353013e+22,2.3943564646209564e+24,1.995262314968883e+25,0.878921552359095,0.0010763583588099764,0.12000208928209509
2.238721138568347e+25,log,227.01721550016643,14446.599055188608,0.9999999999999999,1.7973256110576048,1.9677760145737515e+25,2.278105471458993e+22,2.6866701852313624e+24,2.2387211385683466e+25,0.8789732587383066,0.0010175923352900632,0.12000914892640346
2.5118864315095717e+25,log,240.14253989242968,15324.258444319372,1.0,1.794637453973209,2.2080038068721202e+25,2.4165048725095867e+22,3.014661197649402e+24,2.51188643150957e+25,0.8790221481252138,0.000962027917423535,0.12001582395736256
2.8183829312644723e+25,log,254.02761625038667,16255.130938293752,0.9999999999999996,1.7919952054359802,2.477551298455604e+25,2.5632955263965343e+22,3.382683372824718e+24,2.8183829312644723e+25,0.8790683732050727,0.0009094915733280103,0.12002213522159927
3.1622776601683795e+25,log,268.7164567927446,17242.44035566342,1.0,1.7893980765261728,2.7799964873004634e+25,2.7189858018129506e+22,3.7956218706609e+24,3.162277660168366e+25,0.879112078713686,0.0008598188059388138,0.12002810248037526
3.5481338923357606e+25,log,284.25552672068,18289.61202485509,1.0,1.7868452922257185,3.11935397978524e+25,2.884115843840773e+22,4.2589579670667806e+24,3.5481338923357593e+25,0.8791534013198553,0.00081285428660702,0.12003374439353756
3.9810717055349854e+25,log,300.69414846684356,19400.268162138524,1.0,1.784336091149224,3.5001282690255953e+25,3.0592568450957475e+22,4.778841796642947e+24,3.9810717055349854e+25,0.8791924707508477,0.0007684505759698788,0.12003907867318243
4.466835921509617e+25,log,318.08430943316256,20578.262807019757,0.9999999999999999,1.7818697252817983,3.927373508583008e+25,3.245016554741006e+22,5.362173963718667e+24,4.466835921509615e+25,0.8792294092718117,0.0007264687156102922,0.12004412201257803
5.0118723362727555e+25,log,336.48114810367434,21827.67450201727,1.0,1.7794454597234404,4.406760586123242e+25,3.4420381241502056e+22,6.016697120253599e+24,5.011872336272752e+25,0.8792643328581825,0.0006867768955803039,0.12004889024623717
5.6234132519034905e+25,log,355.942908976766,23152.83458634632,1.0,1.7770625724397346,4.944652376233192e+25,3.6510045685802403e+22,6.751098711017052e+24,5.623413251903478e+25,0.8792973510455538,0.0006492506250264297,0.12005339832941964
6.309573444801943e+25,log,376.5311552938349,24558.340436702816,0.9999999999999999,1.7747203540186016,5.5481881780386075e+25,3.872640855129963e+22,7.575126259082048e+24,6.309573444801942e+25,0.8793285673866604,0.0006137722128142255,0.1200576604005254
7.0794578438414025e+25,log,398.311172595044,26049.057813037263,1.0,1.772418107432883,6.225378457504179e+25,4.107714272648727e+22,8.499716720645705e+24,7.079457843841398e+25,0.8793580800710319,0.0005802300632699061,0.1200616898656982
7.943282347242788e+25,log,421.35208599327035,27630.14344961892,1.0,1.7701551478085373,6.985211147274137e+25,4.357037994154535e+22,9.537141619744954e+24,7.943282347242787e+25,0.8793859820051331,0.000548518585099385,0.1200654994097675
8.912509381337514e+25,log,445.7266375599371,29307.091887009425,1.0,1.7679308021982447,7.837770914074093e+25,4.621478461836915e+22,1.070116988801583e+25,8.912509381337512e+25,0.8794123606182245,0.0005185384120340038,0.12006910096974159
1e+26,log,471.5121801227687,31085.704538353424,1.0,1.7657444093602261,8.794372990518762e+25,4.901950509074753e+22,1.2007250589721616e+25,9.999999999999997e+25,0.8794372990518764,0.0004901950509074754,0.1200725058972162
