N,D,Q,L,C_train,C_Q,C_attn,C_total,C,form,s_train,s_Q,s_attn
0.020973236098437237,0.6991995275617708,0.4,4.805843293169472,8.798686062881277e+16,0.0,1.2013139371187238e+16,1e+17,1e+17,exp,0.8798686062881277,0.0,0.12013139371187238
0.022263090907612068,0.7390624073068263,0.4,4.754961345542365,9.872288136162294e+16,0.0,1.3478964068573586e+16,1.1220184543019653e+17,1.1220184543019653e+17,exp,0.8798686062881277,0.0,0.12013139371187237
0.023632034987784507,0.7812057856130554,0.4,4.704926605886451,1.1076889474960445e+17,0.0,1.512364642981266e+16,1.258925411794171e+17,1.2589254117941714e+17,exp,0.8798686062881277,0.0,0.12013139371187236
0.025084900878336997,0.8257606483044282,0.4,4.655724828299365,1.2428474407168728e+17,0.0,1.6969010390587704e+16,1.4125375446227498e+17,1.4125375446227498e+17,exp,0.8798686062881277,0.0,0.12013139371187237
0.026626811257431982,0.8728656684197523,0.4,4.607342006728087,1.3944977643662973e+17,0.0,1.903954280948118e+16,1.584893192461109e+17,1.584893192461111e+17,exp,0.8798686062881276,0.0,0.12013139371187237
0.02826320444614697,0.9226673907902213,0.4,4.559764370929521,1.5646522261018205e+17,0.0,2.1362718393710188e+16,1.7782794100389222e+17,1.778279410038923e+17,exp,0.8798686062881277,0.0,0.12013139371187237
0.029999849112676474,0.975320834479951,0.4000000000000001,4.512978382499081,1.755568672250894e+17,0.0,2.3969364271798876e+16,1.995262314968883e+17,1.995262314968883e+17,exp,0.8798686062881276,0.0,0.12013139371187237
0.031842858419124875,1.030990173753187,0.4,4.46697073096616,1.9697804480599014e+17,0.0,2.6894069050844524e+16,2.2387211385683466e+17,2.238721138568347e+17,exp,0.8798686062881277,0.0,0.12013139371187238
0.03379872274695783,1.089848882847363,0.4,4.42172832995537,2.210130013646385e+17,0.0,3.0175641786318644e+16,2.5118864315095715e+17,2.511886431509572e+17,exp,0.8798686062881276,0.0,0.12013139371187236
0.03587431869473141,1.152080723269636,0.4000000000000001,4.3772383134124,2.479806661717895e+17,0.0,3.385762695465499e+16,2.8183829312644448e+17,2.8183829312644493e+17,exp,0.8798686062881277,0.0,0.12013139371187236
0.03807695630385096,1.2178795732101066,0.4,4.333488031893481,2.7823888375484333e+17,0.0,3.7988882261994616e+16,3.1622776601683795e+17,3.1622776601683795e+17,exp,0.8798686062881276,0.0,0.12013139371187238
0.04041437360563906,1.287451032989879,0.4,4.290465048917291,3.121891622773135e+17,0.0,4.2624226956262536e+16,3.54813389233576e+17,3.5481338923357606e+17,exp,0.8798686062881277,0.0,0.12013139371187237
0.04289477401034363,1.3610127316976104,0.4,4.24815713737832,3.502820013082167e+17,0.0,4.782516924528186e+16,3.9810717055349856e+17,3.9810717055349856e+17,exp,0.8798686062881277,0.0,0.12013139371187237
0.0455268797810902,1.4387942228394817,0.4,4.206552276020647,3.930228696776411e+17,0.0,5.36607224733206e+16,4.4668359215096166e+17,4.4668359215096166e+17,exp,0.8798686062881277,0.0,0.12013139371187237
0.048319919501763765,1.5210390707326304,0.4,4.165638645971062,4.4097891274102957e+17,0.0,6.020832088624191e+16,5.011872336272715e+17,5.011872336272715e+17,exp,0.8798686062881276,0.0,0.12013139371187237
0.05128369377695708,1.6080045514576726,0.4,4.125404627330631,4.94786478053451e+17,0.0,6.755484713689785e+16,5.6234132519034886e+17,5.6234132519034906e+17,exp,0.8798686062881276,0.0,0.12013139371187237
0.05442858213076554,1.6999633206846694,0.4,4.085838795823603,5.5515955931504666e+17,0.0,7.579778516514771e+16,6.309573444801943e+17,6.309573444801943e+17,exp,0.8798686062881277,0.0,0.12013139371187238
0.057765614617917634,1.797203159566196,0.4,4.046929919502799,6.228992706336288e+17,0.0,8.504651375051146e+16,7.079457843841403e+17,7.079457843841403e+17,exp,0.8798686062881276,0.0,0.12013139371187236
0.06130646676310312,1.9000292403160504,0.4,4.008666955510448,6.9890447682216e+17,0.0,9.542375790211893e+16,7.943282347242789e+17,7.943282347242789e+17,exp,0.8798686062881277,0.0,0.12013139371187238
0.06506353465212109,2.0087640103927225,0.4,3.971039046893594,7.841837207887237e+17,0.0,1.0706721734502042e+17,8.912509381337441e+17,8.912509381337441e+17,exp,0.8798686062881277,0.0,0.12013139371187237
0.0690499464106699,2.123749189355311,0.4,3.9340355194731296,8.798686062881272e+17,0.0,1.2013139371187232e+17,9.999999999999995e+17,1e+18,exp,0.8798686062881277,0.0,0.12013139371187238
0.07429415654456122,2.1910375845230132,0.4080687146570269,3.897595425472908,9.766877357974202e+17,1.1980286310337284e+16,1.3335043219420778e+17,1.1220184543019652e+18,1.1220184543019653e+18,exp,0.8704738607931731,0.010677441413198957,0.11884869779362792
0.08134399530531859,2.1914931313513417,0.42747990931049823,3.8612767164450537,1.0695888419296888e+18,4.330203997968227e+16,1.460345298848002e+17,1.2589254117941714e+18,1.2589254117941714e+18,exp,0.8496046166907955,0.034396032977021165,0.11599935033218328
0.08875021296031747,2.205977112258234,0.4460922906897569,3.8250383998912403,1.1746856309910267e+18,7.746816881374835e+16,1.6038374481797485e+17,1.4125375446227497e+18,1.4125375446227497e+18,exp,0.8316137404367211,0.05484326353565207,0.11354299602762699
0.09656437155056609,2.231700189070466,0.4640789995737559,3.788940373256333,1.2930163574812142e+18,1.1533700163846133e+17,1.7653983334143517e+17,1.5848931924611108e+18,1.5848931924611108e+18,exp,0.8158381672858006,0.07277272827411138,0.11138910444008801
0.10483400010284051,2.2668453790655745,0.4815627413578095,3.753029775964884,1.4258548122125038e+18,1.5774788746567178e+17,1.946767103607472e+17,1.7782794100389228e+18,1.7782794100389228e+18,exp,0.8018170846286158,0.08870815608342393,0.10947475928796034
0.11360513759078793,2.3101858448682497,0.49863413213907704,3.717344330588977,1.574693884599289e+18,2.0557022532563763e+17,2.1499820504395632e+17,1.995262314968883e+18,1.995262314968883e+18,exp,0.7892164718320995,0.10302917254709118,0.10775435562080934
0.12292390070738096,2.360872717618613,0.5153623397710975,3.681914566950424,1.7412461011398904e+18,2.5973690308615654e+17,2.377381343422997e+17,2.2387211385683466e+18,2.238721138568347e+18,exp,0.7777860632760231,0.11602021288469062,0.10619372383928635
0.1328374104279092,2.4183124204336015,0.5318014843146537,3.6467653735420194,1.927454157216293e+18,3.212705333613479e+17,2.631617409319312e+17,2.511886431509572e+18,2.511886431509572e+18,exp,0.7673333209009565,0.12790010301869956,0.10476657608034393
0.14339463709429792,2.482086844221578,0.5479950163231385,3.6119171206091694,2.1355076535821064e+18,3.913072993799327e+17,2.9156797830241024e+17,2.818382931264449e+18,2.818382931264449e+18,exp,0.7577067083017086,0.13884106912483152,0.10345222257345994
0.1546468870952193,2.5519058227748785,0.5639782729646621,3.577386497979995,2.367865749913796e+18,4.7111930653301946e+17,3.2329260372156365e+17,3.1622776601683794e+18,3.1622776601683794e+18,exp,0.7487848963230244,0.14898100583233861,0.10223409784463694
0.16664829963525257,2.627573047742862,0.5797805536155967,3.5431871558084658,2.6272834834425974e+18,5.621386372871335e+17,3.587117716060294e+17,3.5481338923357604e+18,3.5481338923357604e+18,exp,0.740469092532762,0.15843219403343142,0.10109871343380647
0.17945633628389013,2.708962362227069,0.5954264979527933,3.5093302048825037,2.916842763937334e+18,6.659826762280737e+17,3.982462653695773e+17,3.981071705534985e+18,3.9810717055349857e+18,exp,0.7326777761581067,0.16728728480377308,0.10003493903812015
0.19313215149686846,2.796002473610906,0.6109370077900074,3.4758246142066542,3.239987839914243e+18,7.844817418524147e+17,4.4236633974295795e+17,4.466835921509616e+18,4.4668359215096166e+18,exp,0.7253429265920414,0.17562358583059182,0.09903348757736671
0.2077410040447378,2.8886648940864608,0.6263300562193627,3.4426775317260976,3.600564872677845e+18,9.197103396452548e+17,4.9159712394961517e+17,5.011872336272715e+18,5.011872336272715e+18,exp,0.7184071403054838,0.18350633813814085,0.0980865215563754
0.22335267434396106,2.986955221629413,0.6416212428771499,3.4098945464006976,4.0028666213795297e+18,1.074021907818273e+18,5.4652472270568525e+17,5.623413251903488e+18,5.623413251903491e+18,exp,0.711821529393129,0.19099110446039577,0.09718736614647523
0.24004191014796852,3.0909062962689737,0.6568242484102681,3.3774799047382245,4.4516823086687227e+18,1.2500881115896494e+18,6.078030245435698e+17,6.309573444801942e+18,6.309573444801943e+18,exp,0.7055440986008622,0.19812561380350013,0.09633028759563775
0.25788889328722314,3.2005730550197247,0.6719511607474415,3.3454366914112965,4.952353458263661e+18,1.450943060076143e+18,6.761613255015986e+17,7.079457843841402e+18,7.079457843841402e+18,exp,0.6995385194039735,0.20495115474673742,0.0955103258492892
0.2769796606456621,3.316029046390072,0.687012763046753,3.313766981145449,5.510835599761683e+18,1.6800339935936445e+18,7.524127538874619e+17,7.943282347242789e+18,7.943282347242789e+18,exp,0.6937730976759957,0.21150374872130853,0.09472315360269595
0.2974066470106624,3.4373630387197394,0.7020187145262401,3.282471967324706,6.133767695424117e+18,1.9412779365647516e+18,8.374637493485727e+17,8.91250938133744e+18,8.91250938133744e+18,exp,0.6882200548667096,0.21781496697548913,0.0939649781578014
0.3192693196216844,3.5646749293893127,0.716977857943751,3.251552071491852,6.828548036271611e+18,2.2391275385094387e+18,9.323244252189507e+17,1e+19,1e+19,exp,0.6828548036271611,0.22391275385094386,0.09323244252189507
0.34267469072521206,3.6980747629448314,0.7318982666408684,3.221007036976328,7.603419754024993e+18,2.5786445452451144e+18,1.0381202437495456e+18,1.1220184543019653e+19,1.1220184543019653e+19,exp,0.6776554988799416,0.229821937006317,0.09252256411374135
0.3677379970691356,3.8376803126945847,0.7467873883752807,3.1908360091644745,8.467565229491764e+18,2.965583982450007e+18,1.1561049059999421e+18,1.2589254117941713e+19,1.2589254117941713e+19,exp,0.6726026141154877,0.2355647089706111,0.09183267691390125
0.39458351686976684,3.9836135779643995,0.7616522753052821,3.1610376043653914,9.431209532660087e+18,3.406491438708219e+18,1.2876744748591905e+18,1.4125375446227495e+19,1.4125375446227497e+19,exp,0.6676785030290227,0.24116112535741488,0.09116037161356257
0.4233451699907998,4.1360009634225365,0.776499571930694,3.13160996877012,1.0505736185653352e+19,3.9088125584098847e+18,1.4343831805478712e+18,1.5848931924611109e+19,1.5848931924611109e+19,exp,0.6628671405509324,0.2466293991925135,0.090503460256554
0.4541678921662377,4.294966156418627,0.7913358038028748,3.1025508286115784,1.1703814357115853e+19,4.4810189563818235e+18,1.597960786891551e+18,1.7782794100389226e+19,1.7782794100389229e+19,exp,0.6581538475362363,0.25198621381348296,0.08985993865028079
0.4872079956883285,4.460633652923641,0.8061672867806677,3.0738575322699027,1.3039538289245006e+19,5.132753232685559e+18,1.7803316277582515e+18,1.9952623149688816e+19,1.9952623149688828e+19,exp,0.6535250122963593,0.25724703935811116,0.08922794834552959
0.5226349925490882,4.633118586104608,0.8210005345490795,3.045527084690983,1.4528579386366943e+19,5.874996627097891e+18,1.9836353722186332e+18,2.238721138568347e+19,2.238721138568347e+19,exp,0.6489678029152801,0.262426459726687,0.0886057373580329
0.5606326569231782,4.812525153280746,0.8358423132449058,3.0175561740373156,1.6188352579160463e+19,6.720261997127209e+18,2.2102497388080417e+18,2.511886431509571e+19,2.511886431509572e+19,exp,0.6444699241212004,0.26753844890545175,0.08799162697334789
0.6014007880628591,4.99893915605758,0.8506999081068647,2.9899411898765473,1.8038195687587875e+19,7.682818640511286e+18,2.4628149845453317e+18,2.8183829312644493e+19,2.8183829312644493e+19,exp,0.6400193347571529,0.27259669207067044,0.08738397317217662
0.6451573391366727,5.192416826010258,0.8655816146211224,2.9626782312625033,2.0099554938943594e+19,8.778962428409756e+18,2.744259234330432e+18,3.1622776601683784e+19,3.162277660168379e+19,exp,0.6356037356274836,0.27761516766817723,0.08678109670433909
0.6921411086392781,5.392969928025304,0.880497287885711,2.935763101429568,2.239617710905033e+19,1.0027337099684936e+19,3.057824714622339e+18,3.54813389233576e+19,3.5481338923357606e+19,exp,0.6312100328972303,0.28260875727786794,0.08618120982490186
0.7426161464593654,5.600536397458935,0.8954594116249451,2.909191282743807,2.4954292545518227e+19,1.144933176761687e+19,3.4070927422147553e+18,3.981071705534985e+19,3.981071705534986e+19,exp,0.626823488530077,0.28759421116928324,0.08558230030063985
0.796877298613275,5.814936224644788,0.9104849926348251,2.8829578792053026,2.7802744021820494e+19,1.3069613876163105e+19,3.796001317112558e+18,4.466835921509616e+19,4.466835921509617e+19,exp,0.6224259075185429,0.29259220857492535,0.08498188390653172
0.8552613731241526,6.035776512941689,0.9255992776476621,2.857057499273073,3.0972999049974116e+19,1.4916877509129904e+19,4.228846803623133e+18,5.011872336272715e+19,5.011872336272715e+19,exp,0.6179925778598037,0.29763083550973796,0.08437658663045854
0.9181691098098822,6.26224697199851,0.9408440813780595,2.8314840139196074,3.4498810366137016e+19,1.702508457757465e+19,4.71023757532324e+18,5.6234132519034905e+19,5.6234132519034905e+19,exp,0.6134852414493881,0.30275357358472216,0.08376118496588979
0.9861201775469005,6.492576094262343,0.9563004493364856,2.806230006329995,3.841476174486446e+19,1.943607723292281e+19,5.244895470232161e+18,6.309573444801942e+19,6.309573444801943e+19,exp,0.6088329437945119,0.30804106494607747,0.0831259912594107
1.0599466968687732,6.72205863847221,0.9721721122820453,2.7812852342889314,4.275014310004093e+19,2.2207615800447513e+19,5.836819537925589e+18,7.0794578438414025e+19,7.0794578438414025e+19,exp,0.6038618216680299,0.3136909109468951,0.08244726738507503
1.1422798600546,6.927588904865058,0.9894553713833422,2.7566295652746304,4.747947170859035e+19,2.5470821226557985e+19,6.482530537279535e+18,7.943282347242788e+19,7.94328234724279e+19,exp,0.5977311347250682,0.32065864101380237,0.08161022426112931
1.2163376810896143,7.29427093508931,1.0,2.732232869388255,5.323377956655542e+19,2.862312887666528e+19,7.268185370153699e+18,8.91250938133744e+19,8.91250938133744e+19,exp,0.5972928306591806,0.32115678819481924,0.08155038114600012
1.2711759029920888,7.941260788145649,1.0,2.708432648258433,6.056843611960027e+19,3.116195340220363e+19,8.269610478196091e+18,1e+20,1e+20,exp,0.6056843611960027,0.3116195340220363,0.0826961047819609
1.328964415994753,8.63986320396524,1.0,2.68524918357581,6.889242454279331e+19,3.3903308523160486e+19,9.406112364242715e+18,1.1220184543019652e+20,1.1220184543019654e+20,exp,0.6140043800407272,0.3021635552710455,0.08383206468822729
1.3898834213310982,9.39359934295983,1.0,2.6626617952857896,7.833604796043939e+19,3.6861011470779077e+19,1.0695481748198658e+19,1.2589254117941712e+20,1.2589254117941713e+20,exp,0.6222453469169228,0.29279742171735346,0.08495723136572386
1.4541248765921309,10.206178042560309,0.9999999999999999,2.640650549138723,8.904634431969195e+19,4.004961593146773e+19,1.2157794211115274e+19,1.4125375446227495e+20,1.4125375446227496e+20,exp,0.6303998407594456,0.28352956764886483,0.08607059159168963
1.5218933333295621,11.08150215609277,1.0,2.6191962321200237,1.0118918552780852e+20,4.348443692090578e+19,1.3815696797396791e+19,1.5848931924611108e+20,1.5848931924611108e+20,exp,0.6384605979073977,0.27436824845831226,0.08717115363429005
1.593406013474969,12.023679512754303,1.0,2.598280328703661,1.1495161943831093e+20,4.7181593791603876e+19,1.569472777397739e+19,1.778279410038922e+20,1.778279410038923e+20,exp,0.6464204600771649,0.26532159977363284,0.08825794014920227
1.6688946315172493,13.037025495357264,1.0,2.577884997889859,1.3054453116093147e+20,5.115802034811763e+19,1.7823679987839179e+19,1.9952623149688825e+20,1.995262314968883e+20,exp,0.6542725243771639,0.2563974669612074,0.0893300086616288
1.748605808101213,14.126073354155283,1.0,2.5579930509890634,1.482056034764383e+20,5.543150531908004e+19,2.0235005061316375e+19,2.238721138568347e+20,2.238721138568347e+20,exp,0.662010113377565,0.24760343914261812,0.09038644747981688
1.8328020603214816,15.295582436299144,0.9999999999999998,2.5385879301154137,1.6820265001839683e+20,6.0020724650048545e+19,2.2965268482511786e+19,2.5118864315095718e+20,2.5118864315095718e+20,exp,0.6696268107842434,0.23894680865001452,0.09142638056574205
1.921762785767183,16.550547317732285,0.9999999999999999,2.5196536873542783,1.9083735551578066e+20,6.494527733757635e+19,2.605566027308792e+19,2.818382931264449e+20,2.818382931264449e+20,exp,0.6771164890292701,0.23043453966860022,0.09244897130212969
2.015784952579651,17.896210046440114,1.0,2.501174964569839,2.1644946551891257e+20,7.02257334724098e+19,2.955256702551553e+19,3.1622776601683794e+20,3.1622776601683794e+20,exp,0.6844733093658432,0.2220732681287403,0.09345342250541644
2.115185303721488,19.33806330677874,0.9999999999999998,2.483136973820156,2.4542152385360488e+20,7.58836466564923e+19,3.3508218723478856e+19,3.54813389233576e+20,3.54813389233576e+20,exp,0.6916918337939109,0.21386917449876053,0.09443899170732864
2.220300397825091,20.881869235491084,1.0,2.4655254783487885,2.781841354253543e+20,8.19416278380692e+19,3.798140729007504e+19,3.9810717055349857e+20,3.9810717055349857e+20,exp,0.6987669552361687,0.20582806314225302,0.09540498162157822
2.33148834930821,22.53366845878641,1.0,2.448326774123682,3.152219128730064e+20,8.842338077369396e+19,4.303829850426115e+19,4.466835921509615e+20,4.466835921509617e+20,exp,0.7056939596887494,0.1979552916817467,0.09635074862950394
2.449130293932718,24.299792131105427,1.0,2.431527671895839,3.570801422673491e+20,9.535374926902018e+19,4.875334209090206e+19,5.0118723362727127e+20,5.0118723362727146e+20,exp,0.7124685512897693,0.1902557425074677,0.09727570620276316
2.5736319901786615,26.186874382888387,0.9999999999999998,2.4151154797521226,4.043722658075499e+20,1.0275876602454172e+20,5.521029335825747e+19,5.6234132519034906e+20,5.6234132519034906e+20,exp,0.7190868742763523,0.18273379782244975,0.09817932790119796
2.7054242013878578,28.201876857502477,1.0,2.3990779861384377,4.577882410490841e+20,1.1066574891987527e+20,6.250335451123495e+19,6.309573444801943e+20,6.309573444801943e+20,exp,0.7255454668274394,0.17539339210172084,0.09906114107083973
2.8449654669573285,30.35209600887501,1.0,2.3834034433315283,5.181039899701365e+20,1.1910332965008107e+20,7.0738464763922645e+19,7.079457843841402e+20,7.079457843841402e+20,exp,0.7318413378516664,0.16823792482031946,0.0999207373280142
2.9927438376537685,32.645180153196165,0.9999999999999999,2.3680805513396055,5.861919703954496e+20,1.2810152063750396e+20,8.003474369132539e+19,7.943282347242789e+20,7.943282347242789e+20,exp,0.7379719677205281,0.16127025962002922,0.10075777265944277
3.14927753095744,35.08915905872196,1.0,2.3530984422140224,6.630330012229487e+20,1.3769183114382197e+20,9.052610576697328e+19,8.912509381337439e+20,8.91250938133744e+20,exp,0.743935263183366,0.15449277554999835,0.10157196126663559
3.31511781421846,37.69245640580299,1.0,2.3384466647562316,7.497296021551812e+20,1.4790731616389805e+20,1.0236308168092076e+20,1e+21,1e+21,exp,0.7497296021551813,0.14790731616389804,0.10236308168092076
3.4908512800142635,40.463909487553664,0.9999999999999999,2.3241151696061833,8.47520941374048e+20,1.5878265373231376e+20,1.1571485919560339e+20,1.1220184543019652e+21,1.1220184543019653e+21,exp,0.7553538340876143,0.14151518909829008,0.10313097681409564
3.6771004709648096,43.412808354365716,1.0,2.310094294700262,9.577995482744591e+20,1.7035429852863925e+20,1.3077156499107283e+20,1.2589254117941712e+21,1.2589254117941712e+21,exp,0.7608072244005629,0.13531722922794687,0.1038755463714902
3.874527862185844,46.54890534182299,0.9999999999999998,2.296374751088667,1.0821301842068678e+21,1.8266051926550446e+20,1.477468411503777e+20,1.4125375446227498e+21,1.4125375446227498e+21,exp,0.7660895020640851,0.12931374458743192,0.10459675334848309
4.083837245731238,49.88245317647591,1.0,2.2829476091038505,1.222270921143221e+21,1.957415482178014e+20,1.6688072310008778e+20,1.5848931924611102e+21,1.584893192461111e+21,exp,0.771200814639888,0.12350456746794594,0.10529461789216604
4.305776364573674,53.424234526586474,0.9999999999999998,2.2698042848732483,1.3801968379201014e+21,2.096396971814634e+20,1.8844287493735783e+20,1.7782794100389228e+21,1.7782794100389228e+21,exp,0.7761417188595192,0.11788906512552763,0.10596921601495302
4.5411413428220255,57.185575142943996,1.0,2.2569365271709607,1.5581266769680712e+21,2.2439940903876932e+20,2.1273622896204068e+20,1.995262314968881e+21,1.995262314968883e+21,exp,0.7809131988704816,0.11246611904373544,0.1066206820857831
4.790775530978269,61.178422370142584,0.9999999999999998,2.244336404604361,1.758552533488396e+21,2.4006756584100066e+20,2.40101039238949e+20,2.2387211385683457e+21,2.238721138568347e+21,exp,0.7855165626447714,0.10723424266879573,0.1072491946864328
5.055575695661637,65.41534802134318,1.0,2.231996293132722,1.9842734614797007e+21,2.5669350008917534e+20,2.7091946994069517e+20,2.511886431509571e+21,2.5118864315095717e+21,exp,0.7899534933540804,0.10219152301997585,0.10785498362594378
5.3364970761362045,69.9095649652974,1.0,2.219908863915907,2.2384331341875818e+21,2.743290598224552e+20,3.056207372544112e+20,2.8183829312644485e+21,2.818382931264449e+21,exp,0.7942260469138323,0.09733562348086579,0.1084383296053019
5.634552263764115,74.67502068423775,1.0,2.2080670714919375,2.5245618410580235e+21,2.930289757445666e+20,3.446868433657888e+20,3.162277660168379e+21,3.1622776601683794e+21,exp,0.7983365511691344,0.09266389837790649,0.10899955045295914
5.950817313357128,79.72641311138811,0.9999999999999998,2.1964641422828426,2.8466239168506663e+21,3.12850923371079e+20,3.8865905211401096e+20,3.5481338923357564e+21,3.5481338923357606e+21,exp,0.8022876258981078,0.08817337024593723,0.10953900385595498
6.286435498513755,85.07923809923426,1.0,2.1850935634285853,3.209070855441181e+21,3.338557092975675e+20,4.381451407962359e+20,3.9810717055349844e+21,3.9810717055349854e+21,exp,0.8060821539535519,0.08386076262665641,0.11005708341979163
6.642620083937572,90.74985512297219,1.0,2.173949071949134,3.6169008615256805e+21,3.561075290236298e+20,4.938275309603063e+20,4.4668359215096167e+21,4.4668359215096167e+21,exp,0.8097232414803606,0.07972254528285412,0.11055421323678526
7.020663398198345,96.75548013897412,1.0,2.1630246442347825,4.0757259479208155e+21,3.796739389291105e+20,5.5647244942278866e+20,5.011872336272714e+21,5.011872336272714e+21,exp,0.8132142390027232,0.07575491023210512,0.1110308507651718
7.421934503799474,103.11432732645153,1.0,2.1523144858647894,4.591846702921582e+21,4.0462641247634614e+20,6.2694013650556e+20,5.623413251903488e+21,5.623413251903491e+21,exp,0.8165586445860568,0.0719538818064603,0.11148747360748296
7.8478891644994455,109.8456038995652,1.0,2.1418130217541695,5.172336747667774e+21,4.3104031985259466e+20,7.061963772815736e+20,6.309573444801943e+21,6.309573444801943e+21,exp,0.8197601300495098,0.06831528686106371,0.11192458308942642
8.300074740706707,116.9695743500131,1.0,2.131514886628181,5.825137256962553e+21,4.58995180061558e+20,7.953254068172874e+20,7.079457843841398e+21,7.079457843841402e+21,exp,0.8228225078040389,0.06483479246378304,0.11234269973217813
8.780130921256141,124.50768824572741,1.0,2.1214149158236,6.559162821002585e+21,4.885751624126481e+20,8.955443638275531e+20,7.943282347242787e+21,7.943282347242789e+21,exp,0.82574967554557,0.06150796875327473,0.11274235570115518
9.289805539337323,132.48251726761197,0.9999999999999997,2.1115081364154076,7.384420936668085e+21,5.198688394496077e+20,1.0082196052197491e+21,8.912509381337441e+21,8.912509381337441e+21,exp,0.8285456565275395,0.05833024316790053,0.11312410030456005
9.830949606169789,140.91797517949732,1.0,2.1017897586669267,8.312145075558739e+21,5.529700501249732e+20,1.1348848743162865e+21,1e+22,1e+22,exp,0.8312145075558739,0.05529700501249732,0.11348848743162865
10.40553014943694,149.83931184121337,0.9999999999999998,2.092255167800851,9.354944861607776e+21,5.879778763070266e+20,1.2772618051048484e+21,1.1220184543019653e+22,1.1220184543019653e+22,exp,0.833760338409738,0.052403583386052395,0.11383607820420956
11.015637917101722,159.273183373617,0.9999999999999998,2.0828999160879826,1.0526974307687467e+22,6.24996918111317e+20,1.437282892142929e+21,1.2589254117941714e+22,1.2589254117941714e+22,exp,0.8361872918813223,0.04964526986714771,0.11416743825152989
11.663496103534118,169.24771838296556,0.9999999999999999,2.0737197152498337,1.184412062335055e+22,6.641375537688134e+20,1.6171172691081285e+21,1.4125375446227492e+22,1.4125375446227496e+22,exp,0.8384995265038281,0.047017338144182685,0.11448313535198931
12.35145830108287,179.7927447039062,0.9999999999999998,2.0647104291706304,1.3324215534285213e+22,7.055168293781328e+20,1.8191995609477412e+21,1.5848931924611089e+22,1.584893192461111e+22,exp,0.8407011650794363,0.04451510251505136,0.11478373240551236
13.082032780202004,190.9396644522534,1.0,2.0558680669136167,1.49872736964309e+22,7.492579686056256e+20,2.046262435352699e+21,1.7782794100389225e+22,1.7782794100389228e+22,exp,0.8427963351441415,0.04213387189751165,0.1150697929583468
13.857877244687657,202.72174927378447,1.0,2.0471887760359704,1.6855758697586726e+22,7.954915312582248e+20,2.301372920843841e+21,1.995262314968879e+22,1.995262314968883e+22,exp,0.8447891072332328,0.039869019992523264,0.11534187277424406
14.681820518193327,215.17407488642442,1.0,2.0386688361960803,1.895488288590464e+22,8.443551564233119e+20,2.587973343355514e+21,2.238721138568347e+22,2.238721138568347e+22,exp,0.8466835176276671,0.037715959432235206,0.1156005229400975
15.556859010970353,228.33382233782757,1.0,2.030304653046431,2.131294248927322e+22,8.959947446203835e+20,2.9099270812021036e+21,2.511886431509571e+22,2.511886431509572e+22,exp,0.8484835230574004,0.03567019326116255,0.11584628368143705
16.486182688059944,242.24017960607537,1.0,2.022092752404858,2.3961695132245266e+22,9.505640716766637e+20,3.271570108722554e+21,2.8183829312644485e+22,2.8183829312644493e+22,exp,0.8501930261653626,0.033727285995526504,0.11607968783911085
17.473179177402844,256.93456608779815,1.0,2.014029774696566,2.6936782260722094e+22,1.008225669631104e+21,3.677768671330591e+21,3.162277660168379e+22,3.1622776601683792e+22,exp,0.8518158477990139,0.031882895114827454,0.11630125708615872
18.521441608618318,272.4608228213114,0.9999999999999999,2.0061124696588974,3.0278203323126123e+22,1.0691515731806538e+21,4.13398402705082e+21,3.54813389233576e+22,3.5481338923357603e+22,exp,0.853355714352532,0.030132785447868887,0.11651150019959905
19.634792245874774,288.8651955144267,1.0,1.998337691300608,3.4030848605938596e+22,1.1335232530804415e+21,4.6463451963308166e+21,3.981071705534985e+22,3.981071705534985e+22,exp,0.8548162686601359,0.028472816792133517,0.11671091454773057
20.817286202042567,306.1966199832416,1.0,1.990702393107126,3.824509603373524e+22,1.201532736221611e+21,5.221730445139318e+21,4.466835921509617e+22,4.466835921509617e+22,exp,0.8562010493729952,0.026898967352611863,0.11689998327439295
22.073234473499095,324.5067523074683,1.0,1.9832036234831139,4.297748179149865e+22,1.2733827239625336e+21,5.867858847265949e+21,5.011872336272713e+22,5.011872336272714e+22,exp,0.8575134981083863,0.025407325616548678,0.11707917627506502
23.40721270566918,343.8502241297696,1.0,1.975838521423539,4.829145201058523e+22,1.349287593937739e+21,6.593392914511905e+21,5.623413251903487e+22,5.623413251903491e+22,exp,0.8587569479130651,0.023994103465204416,0.1172489486217305
24.82408659891142,364.2846824703384,0.9999999999999999,1.968604312404372,5.425820702580378e+22,1.4294735562925605e+21,7.408053865923077e+21,6.309573444801942e+22,6.309573444801943e+22,exp,0.8599346295034204,0.02265562908171254,0.11740974141486701
26.32901340460762,385.8711962932552,1.0,1.9614983044840293,6.095764739794255e+22,1.5141802490723657e+21,8.322750791399091e+21,7.079457843841401e+22,7.079457843841402e+22,exp,0.8610496558146913,0.021388364511409432,0.1175619796738992
27.927485021786286,408.6740920746614,1.0,1.954517884606703,6.84794375112433e+22,1.6036600929828203e+21,9.349725868201752e+21,7.943282347242788e+22,7.94328234724279e+22,exp,0.8621050406827521,0.020188884429362765,0.11770607488788509
29.625323174069536,432.76150363013886,1.0,1.9476605150987765,7.692419641403477e+22,1.6981804489434213e+21,1.0502716950396216e+22,8.91250938133744e+22,8.91250938133744e+22,exp,0.8631036795889608,0.01905389802449315,0.11784242238654613
31.428718910547506,458.20531500191134,1.0,1.9409237303496554,8.640483629108368e+22,1.798023393973662e+21,1.1797140314942624e+22,9.999999999999996e+22,1.0000000000000001e+23,exp,0.8640483629108371,0.017980233939736627,0.1179714031494263
33.344245097824185,485.0815210801282,1.0,1.9343051336684614,9.704806278792698e+22,1.903487136291207e+21,1.3250295505978296e+22,1.1220184543019648e+23,1.1220184543019653e+23,exp,0.8649417700380245,0.016964846959450528,0.11809338300252495
35.378886112658414,513.4703739545866,1.0,1.9278023943082234,1.089960592941807e+23,2.01488658960427e+21,1.488159529563214e+22,1.258925411794171e+23,1.2589254117941714e+23,exp,0.865786473710494,0.016004813078899827,0.11820871321060612
37.54005602019763,543.4567281484639,1.0,1.921413244649389,1.2240837611547989e+23,2.132554727828172e+21,1.6712823618966856e+22,1.4125375446227492e+23,1.4125375446227497e+23,exp,0.866584938442623,0.015097331295344225,0.11831773026203281
39.835634663101,575.1301660195977,1.0,1.915135477534696,1.374640510637119e+23,2.25684307716701e+21,1.8768425105232132e+22,1.5848931924611105e+23,1.584893192461111e+23,exp,0.8673395262064951,0.014239717148778072,0.1184207566447268
42.27398775099659,608.5853899849806,1.0,1.90896694374769,1.5436398792996333e+23,2.388123255224604e+21,2.1075829818704326e+22,1.7782794100389224e+23,1.7782794100389228e+23,exp,0.8680524953420264,0.013429403960608943,0.11851810069736468
44.864001339198275,643.9224498322991,1.0,1.9029055496274057,1.733336259096966e+23,2.526787862987744e+21,2.366581772420391e+22,1.9952623149688824e+23,1.9952623149688827e+23,exp,0.868726004642652,0.012663938190137928,0.1186100571672101
47.61512493561621,681.2468915322502,1.0,1.896949254812009,1.9462593511384966e+23,2.67325106877408e+21,2.6572927674210943e+22,2.2387211385683467e+23,2.238721138568347e+23,exp,0.8693621182239436,0.011940973901214036,0.11869690787484244
50.53738024599745,720.6704382285533,1.0,1.8910960701044508,2.1852477581283605e+23,2.827951280475183e+21,2.9835916057645884e+22,2.511886431509571e+23,2.5118864315095718e+23,exp,0.8699628019468578,0.011258276827331186,0.118778921225811
53.64142240738867,762.3109755117171,1.0,1.8853440554534688,2.4534867025927522e+23,2.991351087769973e+21,3.3498271779399708e+22,2.818382931264449e+23,2.818382931264449e+23,exp,0.8705299323864453,0.010613714178392086,0.11885635343516265
56.93856961118535,806.2930361992103,0.9999999999999999,1.8796913180435464,2.7545503301185632e+23,3.163939164429344e+21,3.7608793840552124e+22,3.162277660168378e+23,3.162277660168379e+23,exp,0.8710652972743371,0.010005254137806728,0.11892944858785617
60.44084546723594,852.7481586529146,1.0,1.874136010487711,3.0924491807766485e+23,3.346231674373984e+21,4.222223948153717e+22,3.54813389233576e+23,3.5481338923357603e+23,exp,0.8715705986903637,0.009430962235112098,0.11899843907452433
64.16099388719695,901.8156850247341,0.9999999999999999,1.8686763291173416,3.471683439255017e+23,3.5387754040349583e+21,4.740005122396185e+22,3.981071705534985e+23,3.9810717055349855e+23,exp,0.8720474525561165,0.008889001921555216,0.11906354552232846
68.11259046347016,953.6422717630663,1.0,1.8633105123634242,3.897302730315063e+23,3.742145841553648e+21,5.321117327790165e+22,4.4668359215096156e+23,4.466835921509616e+23,exp,0.8724974005756466,0.008377620999091789,0.11912497842526161
72.3100588217448,1008.3827965772173,1.0,1.8580368392239517,4.374973160120046e+23,3.956950735761016e+21,5.97329668795057e+22,5.0118723362727135e+23,5.011872336272715e+23,exp,0.8729219075387854,0.007895154685252351,0.11918293777596217
76.76868108754253,1066.201404722353,1.0,1.8528536278124632,4.911052536853211e+23,4.1838342018585587e+21,6.705223730316917e+22,5.623413251903488e+23,5.623413251903491e+23,exp,0.8733223607905487,0.007440026216181709,0.11923761299326958
81.50471047248237,1127.271210973594,1.0,1.8477592339829296,5.5126748204620416e+23,4.423475551947901e+21,7.526638688204175e+22,6.309573444801938e+23,6.309573444801942e+23,exp,0.8737000795202072,0.007010736289300388,0.11928918419049232
86.53541187219449,1191.7750788389537,0.9999999999999998,1.8427520500264858,6.187844838380754e+23,4.676592352706127e+21,8.448470819335856e+22,7.079457843841402e+23,7.079457843841402e+23,exp,0.8740563154512907,0.006605862279093041,0.11933782226961621
91.87913107642633,1259.9060837033965,1.0,1.8378305034357267,6.94554457251428e+23,4.943942242789123e+21,9.482983523006163e+22,7.943282347242788e+23,7.94328234724279e+23,exp,0.8743922561087313,0.006224054523889896,0.11938368936737877
97.55534696442244,1331.8682930220325,0.9999999999999999,1.832993055732526,7.795852406200646e+23,5.226325994353408e+21,1.0643937151932617e+23,8.912509381337441e+23,8.912509381337441e+23,exp,0.8747090266771504,0.005864034213862592,0.11942693910898697
103.5847375687626,1407.877443101676,0.9999999999999998,1.8282382013555702,8.750076928360056e+23,5.524590168785086e+21,1.194677169952093e+23,1e+24,1e+24,exp,0.8750076928360055,0.005524590168785086,0.1194677169952093
109.98930206033381,1488.1609553400465,1.0,1.823564466604005,9.820907089877479e+23,5.839627180423335e+21,1.3408811813379384e+23,1.1220184543019651e+24,1.1220184543019652e+24,exp,0.8752892657177642,0.0052045732029036085,0.11950616107933208
116.79236995288213,1572.9595792065516,1.0,1.818970408633807,1.1022580625737282e+24,6.172381743709258e+21,1.5049496747673304e+23,1.2589254117941704e+24,1.2589254117941714e+24,exp,0.8755547010547939,0.004902897094524945,0.11954240185068121
124.0187792880182,1662.5268609559662,0.9999999999999998,1.81445461450369,1.2371073109757981e+24,6.523848788388564e+21,1.689063848585623e+23,1.412537544622749e+24,1.4125375446227496e+24,exp,0.8758049056361163,0.004618531247699267,0.11957656311618442
131.69483977045445,1757.1316127322748,1.0,1.810015700267546,1.3884309971662628e+24,6.895083148413765e+21,1.895671121464338e+23,1.5848931924611105e+24,1.584893192461111e+24,exp,0.8760407349660135,0.004350503353293287,0.11960876168069308
139.8485093740932,1857.0576308206143,0.9999999999999999,1.805652310110599,1.558240448952288e+24,7.287198456348848e+21,2.1275176263028572e+23,1.7782794100389225e+24,1.7782794100389228e+24,exp,0.8762629990290343,0.004097892836868278,0.11963910813409748
148.50957234351353,1962.6035480286914,1.0,1.80136311552662,1.7487924815856195e+24,7.701366564105829e+21,2.387684668191566e+23,1.995262314968882e+24,1.9952623149688828e+24,exp,0.8764724660340681,0.0038598266034137667,0.1196677073625181
157.70956511157928,2074.086148145513,1.0,1.7971468145337213,1.962619346567877e+24,8.13883054906685e+21,2.6796296145140083e+23,2.2387211385683445e+24,2.238721138568347e+24,exp,0.8766698597499134,0.0036354820655651685,0.11969465818452152
167.48204149784522,2191.8393274587256,1.0,1.7930021309263895,2.2025623511883085e+24,8.600900639019971e+21,3.0072317968224375e+23,2.511886431509572e+24,2.511886431509572e+24,exp,0.8768558655992387,0.003424080217612018,0.11972005418314939
177.86259455177708,2316.2164164381575,1.0,1.7889278135615763,2.47180956822666e+24,9.088963322575768e+21,3.3748439971521334e+23,2.818382931264449e+24,2.818382931264449e+24,exp,0.8770311304424835,0.0032248858811027726,0.11974398367641376
188.88911430592609,2447.5895714642074,1.0,1.7849226356767935,2.773938158029772e+24,9.60447896227537e+21,3.787350231763315e+23,3.162277660168379e+24,3.1622776601683796e+24,exp,0.8771962667826173,0.003037202925996058,0.11976653029138667
200.60174678694085,2586.3532183191624,1.0,1.7809853942382914,3.1129618404171006e+24,1.0148995307043799e+22,4.250230566116149e+23,3.5481338923357594e+24,3.5481338923357605e+24,exp,0.8773518516709125,0.002860375514285525,0.11978777281480193
213.04322339768407,2732.922863230904,1.0,1.777114909317521,3.4933841764796395e+24,1.0724142826658726e+22,4.7696338622868684e+23,3.981071705534985e+24,3.9810717055349857e+24,exp,0.8774984312949446,0.0026937828855854765,0.1198077858194698
226.2589079449011,2887.737749620782,1.0,1.7733100234942,3.920258337962786e+24,1.133164513697831e+22,5.352459384098524e+23,4.4668359215096164e+24,4.4668359215096164e+24,exp,0.8776365209846104,0.0025368393502908553,0.11982663966509881
240.2969493162717,3051.2623286516155,1.0,1.7695696012844044,4.3992541748318785e+24,1.1973324770454205e+22,6.0064483667037905e+23,5.011872336272712e+24,5.011872336272715e+24,exp,0.8777666069011582,0.002388992369937074,0.11984440072890477
255.20854348979682,3223.9865506996885,1.0,1.765892528592213,4.936733471008569e+24,1.265110431988401e+22,6.740286765750366e+23,5.623413251903489e+24,5.62341325190349e+24,exp,0.8778891484344524,0.002249719832630421,0.11986113173291724
271.0480162237424,3406.4286538469364,1.0,1.762277712183524,5.539834374197553e+24,1.336701738061125e+22,7.563720532237726e+23,6.309573444801937e+24,6.309573444801943e+24,exp,0.8780045787027767,0.002118529485004014,0.11987689181221912
287.8731627016562,3599.134934382933,1.0,1.7587240791807617,6.216566139304997e+24,1.412320764996229e+22,8.487684968864422e+23,7.079457843841401e+24,7.079457843841402e+24,exp,0.8781133070398808,0.001994956105607497,0.11989173685451172
305.7452479382079,3802.684022995781,1.0,1.7552305765772578,6.975915416649042e+24,1.492194570725958e+22,9.524449848864826e+23,7.943282347242783e+24,7.943282347242789e+24,exp,0.878215718854621,0.0018785616644282047,0.11990571948095093
324.72947625004883,4017.685541871604,1.0,1.751796170770191,7.827965530496158e+24,1.5765623744204626e+22,1.0687782270970754e+24,8.912509381337439e+24,8.912509381337441e+24,exp,0.8783121784856365,0.001768932078457884,0.11991888943590556
344.8950768157506,4244.783841110596,1.0,1.7484198471110257,8.784030293676575e+24,1.665677022678446e+22,1.1993129360966416e+24,1e+25,1e+25,exp,0.8784030293676575,0.0016656770226784459,0.11993129360966415
366.3155073254479,4484.660517467558,0.9999999999999999,1.7451006094724688,9.856804155831205e+24,1.759805977895096e+22,1.3457823274094872e+24,1.1220184543019643e+25,1.1220184543019654e+25,exp,0.8784885950885156,0.0015684287287323765,0.119942976182752
389.0688608240837,4738.034743476689,1.0,1.7418374798310234,1.106053068113643e+25,1.85923144741251e+22,1.5101311223311607e+24,1.2589254117941714e+25,1.2589254117941714e+25,exp,0.8785691811060826,0.0014768400335670449,0.11995397886035049
413.23810508418495,5005.665991991041,1.0,1.7386294978642804,1.2411191575288347e+25,1.964251452644264e+22,1.6945413564127024e+24,1.4125375446227492e+25,1.4125375446227497e+25,exp,0.8786450754909344,0.0013905835353699308,0.1199643409736956
438.91132959841025,5288.3569863566745,1.0,1.7354757205621454,1.3926718777637098e+25,2.0751809867403418e+22,1.901461337106719e+24,1.5848931924611222e+25,1.5848931924611239e+25,exp,0.8787165497260299,0.001309350684709466,0.11997409958926063
466.1821462170323,5586.955143938965,0.9999999999999999,1.73237522185125,1.5627232438918531e+25,2.1923525810349528e+22,2.1336381356603435e+24,1.7782794100389224e+25,1.7782794100389228e+25,exp,0.878783859875906,0.0012328504557036779,0.11998328966839036
495.1499463834481,5902.356130723624,1.0,1.729327092231843,1.7535307929982911e+25,2.316117699891952e+22,2.3941540427070002e+24,1.995262314968883e+25,1.995262314968883e+25,exp,0.8788472472230491,0.0011608086227640063,0.11999194415418697
525.9203633852915,6235.505350559069,1.0,1.7263304384265108,1.967627543914173e+25,2.446847325091892e+22,2.686467473290817e+24,2.2387211385683466e+25,2.238721138568347e+25,exp,0.8789069393307569,0.0010929665526170185,0.120000094116626
558.6054809353275,6587.4028773977725,0.9999999999999999,1.7233843830401088,2.2078556114661255e+25,2.584933891271251e+22,3.0144588615217506e+24,2.5118864315095717e+25,2.5118864315095717e+25,exp,0.8789631504714437,0.0010290807175218426,0.12000776881103448
593.3245773275179,6959.102485660093,1.0,1.7204880642303304,2.4774039245298924e+25,2.730790905431753e+22,3.3824821582914803e+24,2.818382931264472e+25,2.8183829312644723e+25,exp,0.8790160829630065,0.0009689211764444583,0.12001499586054917
630.2042049606068,7351.719018431555,1.0,1.717640635388384,2.7798505434626586e+25,2.8848558382623484e+22,3.7954226086743495e+24,3.162277660168356e+25,3.1622776601683795e+25,exp,0.879065927219896,0.0009122715170143416,0.12002180126308977
669.3786721244503,7766.431450379981,1.0,1.7148412648292626,3.1192101428405522e+25,3.0475913260451276e+22,4.258761581691634e+24,3.5481338923357606e+25,3.5481338923357606e+25,exp,0.8791128625608756,0.0008589279374795176,0.12002820950164489
710.9908914309704,8204.482250417033,1.0,1.712089135491153,3.4999872893721485e+25,3.2194849205601136e+22,4.7786493124227734e+24,3.9810717055349854e+25,3.9810717055349854e+25,exp,0.8791570582629866,0.0008086980488404621,0.1200342436881731
755.1925889390529,8667.184758404495,1.0,1.709383444643529,3.927236217907555e+25,3.401051983746247e+22,5.361986516183114e+24,4.466835921509613e+25,4.466835921509617e+25,exp,0.8791986737180858,0.0007614006969382539,0.12003992558497596
802.1447869963356,9155.927902893729,1.0,1.7067234036035284,4.406627902452297e+25,3.5928375389688496e+22,6.01651596281487e+24,5.011872336272754e+25,5.0118723362727555e+25,exp,0.8792378589853375,0.0007168653345310035,0.1200452756801314
852.0187390218414,9672.17637827472,1.0,1.7041082374602237,4.944525312848681e+25,3.795416340533905e+22,6.750925227142733e+24,5.623413251903488e+25,5.6234132519034905e+25,exp,0.8792747556255076,0.0006749310730896724,0.12005031330140266
904.9962606045611,10217.478408591805,0.9999999999999999,1.7015371848064236,5.548067851550055e+25,4.0093959202529545e+22,7.574961973316343e+24,6.309573444801942e+25,6.309573444801943e+25,exp,0.8793094969234025,0.000635446429989026,0.12005505664660857
961.2702334957996,10793.472146048127,1.0,1.6990094974776704,6.225266094037255e+25,4.235419098252207e+22,8.499563307058867e+24,7.079457843841394e+25,7.0794578438414025e+25,exp,0.8793422083094651,0.000598268849349348,0.12005952284118565
1021.0463948768096,11401.878388935505,1.0,1.696524440298112,6.9851080943078414e+25,4.47416112544728e+22,9.537000918094975e+24,7.943282347242787e+25,7.943282347242788e+25,exp,0.8793730084053301,0.0005632635137287191,0.1200637280809411
1084.5420844633652,12044.52822610569,1.0,1.694081290832954,7.837678649231101e+25,4.726340531389032e+22,1.0701043915750198e+25,8.91250938133751e+25,8.912509381337514e+25,exp,0.8794020083325726,0.0005303041297533809,0.12006768753767393
1151.9889727156883,12723.346808513501,1.0,1.69167933914721,8.79429313166694e+25,4.992712756125925e+22,1.200714155576926e+25,9.999999999999992e+25,1e+26,exp,0.8794293131666947,0.0004992712756125929,0.1200714155576927
0.02097323700389567,0.6991994973758671,0.4,4.805843293169472,8.798686062881274e+16,0.0,1.201313937118723e+16,9.999999999999997e+16,1e+17,power,0.8798686062881277,0.0,0.12013139371187234
0.022263092451166828,0.7390623560658182,0.4,4.754961345542365,9.872288136162291e+16,0.0,1.3478964068573582e+16,1.122018454301965e+17,1.1220184543019653e+17,power,0.8798686062881276,0.0,0.12013139371187236
0.023632034244576217,0.7812058101813433,0.4,4.704926605886451,1.1076889474960446e+17,0.0,1.5123646429812664e+16,1.2589254117941712e+17,1.2589254117941714e+17,power,0.8798686062881277,0.0,0.12013139371187237
0.02508490069691901,0.8257606542764577,0.4000000000000002,4.655724828299366,1.2428474407168686e+17,184.57188925365904,1.696901039058765e+16,1.412537544622747e+17,1.4125375446227498e+17,power,0.8798686062881265,1.3066689091294456e-15,0.12013139371187222
0.026626812033075646,0.872865642993024,0.4000000000000001,4.6073420067280875,1.394497764366298e+17,52.026846587242126,1.9039542809481188e+16,1.5848931924611104e+17,1.584893192461111e+17,power,0.8798686062881274,3.282672096436476e-16,0.12013139371187231
0.02826320448396065,0.9226673895557737,0.4,4.559764370929521,1.5646522261018205e+17,0.0,2.136271839371019e+16,1.7782794100389222e+17,1.778279410038923e+17,power,0.8798686062881277,0.0,0.12013139371187238
0.029999848498587087,0.9753208544445232,0.4,4.512978382499081,1.7555686722508925e+17,0.0,2.3969364271798852e+16,1.995262314968881e+17,1.995262314968883e+17,power,0.8798686062881277,0.0,0.12013139371187237
0.03184285589285144,1.030990255547454,0.4000000000000002,4.4669707309661595,1.9697804480598992e+17,230.44427980798196,2.6894069050844496e+16,2.2387211385683462e+17,2.238721138568347e+17,power,0.8798686062881268,1.0293567869527072e-15,0.12013139371187227
0.03379871961860127,1.0898489837220677,0.4,4.421728329955369,2.2101300136463827e+17,0.0,3.0175641786318612e+16,2.511886431509569e+17,2.511886431509572e+17,power,0.8798686062881276,0.0,0.12013139371187236
0.035874319994172565,1.1520806815389186,0.4,4.3772383134124,2.479806661717895e+17,0.0,3.3857626954654996e+16,2.818382931264445e+17,2.8183829312644493e+17,power,0.8798686062881276,0.0,0.12013139371187237
0.03807695414065298,1.2178796423993232,0.4000000000000001,4.333488031893481,2.7823888375484326e+17,72.59128346439142,3.79888822619946e+16,3.1622776601683795e+17,3.1622776601683795e+17,power,0.8798686062881274,2.2955379402239526e-16,0.12013139371187233
0.040414366389662865,1.2874512628639767,0.4,4.290465048917291,3.121891622773135e+17,0.0,4.262422695626253e+16,3.54813389233576e+17,3.5481338923357606e+17,power,0.8798686062881277,0.0,0.12013139371187234
0.04289477521672071,1.3610126934203481,0.4,4.248157137378321,3.502820013082167e+17,0.0,4.782516924528186e+16,3.9810717055349856e+17,3.9810717055349856e+17,power,0.8798686062881277,0.0,0.12013139371187237
0.04552688051306163,1.4387941997068563,0.4000000000000001,4.206552276020647,3.93022869677641e+17,85.7588171784196,5.36607224733206e+16,4.4668359215096166e+17,4.4668359215096166e+17,power,0.8798686062881276,1.9199007683594623e-16,0.12013139371187237
0.04831991897368645,1.5210390873557178,0.4,4.165638645971063,4.4097891274102957e+17,0.0,6.020832088624192e+16,5.011872336272715e+17,5.011872336272715e+17,power,0.8798686062881276,0.0,0.12013139371187238
0.05128369152937445,1.6080046219308195,0.4,4.125404627330631,4.947864780534512e+17,0.0,6.755484713689788e+16,5.6234132519034906e+17,5.6234132519034906e+17,power,0.8798686062881277,0.0,0.12013139371187238
0.05442858224921044,1.6999633169852877,0.4,4.085838795823604,5.55159559315046e+17,0.0,7.579778516514762e+16,6.309573444801937e+17,6.309573444801943e+17,power,0.8798686062881276,0.0,0.12013139371187236
0.057765614759738106,1.7972031551538787,0.4000000000000001,4.046929919502799,6.228992706336287e+17,107.12165565215818,8.504651375051144e+16,7.079457843841403e+17,7.079457843841403e+17,power,0.8798686062881275,1.513133604508232e-16,0.12013139371187234
0.06130646621916988,1.9000292571738,0.4,4.008666955510449,6.9890447682216e+17,0.0,9.542375790211891e+16,7.943282347242789e+17,7.943282347242789e+17,power,0.8798686062881277,0.0,0.12013139371187236
0.06506352976940616,2.0087641611411065,0.40000000000000013,3.9710390468935937,7.841837207887233e+17,269.39626709029017,1.0706721734502038e+17,8.91250938133744e+17,8.912509381337441e+17,power,0.8798686062881274,3.022675831953668e-16,0.12013139371187234
0.0690499426198996,2.123749305946941,0.4,3.934035519473129,8.798686062881272e+17,0.0,1.2013139371187229e+17,9.999999999999995e+17,1e+18,power,0.8798686062881277,0.0,0.12013139371187236
0.0732796365140282,2.245345957348011,0.4,3.897645878765556,9.872288136162295e+17,0.0,1.3478964068573587e+17,1.1220184543019653e+18,1.1220184543019653e+18,power,0.8798686062881277,0.0,0.12013139371187237
0.07776738336340931,2.373936431935269,0.4,3.8618598069565824,1.1076889474960445e+18,0.0,1.5123646429812662e+17,1.2589254117941711e+18,1.2589254117941714e+18,power,0.8798686062881277,0.0,0.12013139371187237
0.08252885396082456,2.509925076844108,0.4000000000000001,3.826667159925689,1.2428474407168724e+18,149.60319261813808,1.69690103905877e+17,1.4125375446227497e+18,1.4125375446227497e+18,power,0.8798686062881275,1.0591094954441939e-16,0.12013139371187234
0.08758064632458092,2.653740338929406,0.4000000000000001,3.7920579643207954,1.3944977643662986e+18,158.17525022801195,1.9039542809481197e+17,1.5848931924611108e+18,1.5848931924611108e+18,power,0.8798686062881276,9.980183584635667e-17,0.12013139371187234
0.09294037103480485,2.8058352695763764,0.4,3.7580224146822117,1.5646522261018207e+18,0.0,2.1362718393710192e+17,1.7782794100389225e+18,1.7782794100389228e+18,power,0.8798686062881277,0.0,0.12013139371187237
0.09862671415406006,2.9666889059229336,0.4000000000000001,3.724550870614998,1.7555686722508938e+18,176.8284383966287,2.3969364271798874e+17,1.9952623149688827e+18,1.995262314968883e+18,power,0.8798686062881276,8.862415586663674e-17,0.12013139371187237
0.10465945054020631,3.136809333975983,0.4,3.6916338540089653,1.9697804480599014e+18,0.0,2.6894069050844522e+17,2.2387211385683466e+18,2.238721138568347e+18,power,0.8798686062881277,0.0,0.12013139371187237
0.11105959249611431,3.316732881829054,0.4,3.6592620463054732,2.2101300136463857e+18,0.0,3.017564178631865e+17,2.511886431509572e+18,2.511886431509572e+18,power,0.8798686062881277,0.0,0.12013139371187236
0.11784936594479728,3.507028713925486,0.4,3.6274262858102686,2.4798066617178977e+18,0.0,3.385762695465504e+17,2.818382931264448e+18,2.818382931264449e+18,power,0.8798686062881277,0.0,0.1201313937118724
0.12667581006644635,3.6242436798813333,0.40663526895270163,3.5960743010268246,2.7546240241629983e+18,3.155563590632614e+16,3.760980000990547e+17,3.162277660168379e+18,3.1622776601683794e+18,power,0.8710886013773773,0.009978768247898234,0.11893263037472458
0.13832412100452668,3.6423126838293762,0.4222085788989115,3.5648643972590737,3.0229182024860216e+18,1.1248659127031336e+17,4.1272909857942483e+17,3.54813389233576e+18,3.5481338923357604e+18,power,0.8519741064495214,0.03170302888323718,0.11632286466724133
0.15082830580618806,3.6701708482269093,0.43809589044171143,3.5337476384407003,3.3213939063439493e+18,2.0619681784487552e+17,4.534809813461605e+17,3.981071705534985e+18,3.9810717055349857e+18,power,0.834296428704394,0.05179429889649936,0.1139092723991066
0.16428557982361544,3.7057180029924264,0.4543601744990635,3.5027462258140005,3.6527761847065267e+18,3.1533402838449126e+17,4.9872570841859776e+17,4.4668359215096156e+18,4.4668359215096166e+18,power,0.817754725916154,0.0705944955054272,0.11165077857841889
0.1788010569861723,3.74727136469096,0.4710598852982356,3.471877088176752,4.02009648492456e+18,4.428986779397885e+17,5.488771734083666e+17,5.011872336272715e+18,5.011872336272715e+18,power,0.8021147018908846,0.08836990414428,0.10951539396483545
0.19448991664105958,3.7934174745449,0.4882515089047402,3.44115283953556,4.4266886904538583e+18,5.923339989129988e+17,6.043905625366333e+17,5.62341325190349e+18,5.623413251903491e+18,power,0.787188935288626,0.10533353541330036,0.10747752929807372
0.21147959465838498,3.8429168178281174,0.505991169792122,3.4105824771979987,4.876190945641086e+18,7.676198953826596e+17,6.657626037781962e+17,6.309573444801943e+18,6.309573444801943e+18,power,0.7728241834887064,0.12165955465896873,0.10551626185232471
0.2299122327438651,3.8946346669255845,0.5243363943344158,3.3801718985448654,5.372544911967122e+18,9.73381466560367e+17,7.335314653139112e+17,7.0794578438414e+18,7.079457843841402e+18,power,0.7588921398325489,0.13749378667564724,0.10361407349180402
0.24994729244744127,3.947497634647675,0.5433469703696527,3.349924285933794,5.919998074337191e+18,1.215007202489426e+18,8.082770704161711e+17,7.943282347242788e+18,7.943282347242789e+18,power,0.745283601355565,0.15296034427268848,0.10175605437174648
0.2717647833625453,4.000455016615792,0.5630864927516791,3.3198403917473676,6.523096745653189e+18,1.4987924933444037e+18,8.906201423398487e+17,8.91250938133744e+18,8.91250938133744e+18,power,0.7319034927819971,0.16816728367016764,0.09992922354783534
0.2955690681423217,4.052451271386975,0.583623510630008,3.2899187444570246,7.18667547585609e+18,1.8321037658403597e+18,9.812207583035515e+17,1e+19,1e+19,power,0.718667547585609,0.18321037658403597,0.09812207583035515
0.3215931718512279,4.102407577735082,0.605032662542666,3.2601557889975945,7.915837590902026e+18,2.223571259706468e+18,1.0807756924111567e+18,1.1220184543019651e+19,1.1220184543019653e+19,power,0.7054997679005789,0.1981759971220621,0.09632423497735904
0.35010457684431434,4.149197039182757,0.6273966112670238,3.2305459691373066,8.715917241880566e+18,2.683323641969721e+18,1.1900132340914266e+18,1.2589254117941713e+19,1.2589254117941713e+19,power,0.6923299156745896,0.21314397317197314,0.0945261111534373
0.3814120874269306,4.191629171471683,0.6508076821457089,3.201081754815607,9.59242819206378e+18,3.223261058340607e+18,1.3096861958231084e+18,1.4125375446227497e+19,1.4125375446227497e+19,power,0.6790919100579134,0.2281894078221795,0.09271868211990711
0.4158745187383676,4.228431333527867,0.675370400056375,3.1717536127014343,1.0550981075094813e+19,3.8573902333966853e+18,1.4405606161196122e+18,1.5848931924611109e+19,1.5848931924611109e+19,power,0.6657219000802609,0.24338486982878094,0.0908932300909583
0.45391231745590377,4.258224557595158,0.7012048180537085,3.142549912420441,1.1597163463113951e+19,4.602231252444786e+18,1.5833993848304914e+18,1.7782794100389229e+19,1.7782794100389229e+19,power,0.6521564270296597,0.2588024821332241,0.0890410908371162
0.49602251251606316,4.279497378395701,0.7284510050280446,3.1134567522379957,1.2736362251626445e+19,5.477322905306986e+18,1.738937992755397e+18,1.9952623149688828e+19,1.9952623149688828e+19,power,0.6383302163367465,0.2745164314594098,0.08715335220384378
0.5428003306027229,4.29055581452338,0.7572762880018429,3.084457672828485,1.3973490687556354e+19,6.505873436252753e+18,1.9078472618743608e+18,2.238721138568347e+19,2.238721138568347e+19,power,0.6241729015205684,0.29060669165849,0.08522040682094159
0.5949705744760806,4.289443730209745,0.7878867385942401,3.0555331974231192,1.5312556802074282e+19,7.715633090978226e+18,2.0906744220432087e+18,2.5118864315095716e+19,2.511886431509572e+19,power,0.6096038662413521,0.30716488588782864,0.08323124787081929
0.6534383194072434,4.273779493992204,0.820548625870087,3.0266600672617567,1.675590774042843e+19,9.140181635389571e+18,2.2877399368264947e+18,2.8183829312644493e+19,2.8183829312644493e+19,power,0.5945220415066521,0.3243058824263063,0.08117207606704156
0.7193850185627931,4.240363570125693,0.8556348248778428,2.9978098555652535,1.830272415364718e+19,1.0821120510258651e+19,2.4989319377779615e+18,3.162277660168379e+19,3.162277660168379e+19,power,0.5787829571130269,0.3421938764758079,0.07902316641116526
0.7944966265914797,4.184029299166982,0.8937523053480467,2.968946024449156,1.9945182982488478e+19,1.2812973624326697e+19,2.723182316542427e+18,3.54813389233576e+19,3.5481338923357606e+19,power,0.5621316327879169,0.36111866161543954,0.0767497055966436
0.8818164031439839,4.092587119411362,0.9362751816134273,2.940015516982509,2.165346271915635e+19,1.5200834892938023e+19,2.956419443255481e+18,3.981071705534986e+19,3.981071705534986e+19,power,0.5439103919944719,0.38182770915188274,0.07426189885364524
1.0071522662218328,3.8048094512534774,1.0,2.91085214352684,2.2992134768233128e+19,1.8537031646506942e+19,3.139192800356097e+18,4.466835921509617e+19,4.466835921509617e+19,power,0.5147297812645574,0.41499244593345497,0.07027777280198759
1.0491347357559715,4.1674406732515425,1.0,2.881755460680724,2.6233240617062666e+19,2.0303770960081514e+19,3.581711785582957e+18,5.011872336272714e+19,5.011872336272715e+19,power,0.5234219640273619,0.4051134904841022,0.07146454548853583
1.0932179696232898,4.561914216138589,1.0,2.8534662695199717,2.9922999581775892e+19,2.2225646061027205e+19,4.085486876231803e+18,5.6234132519034905e+19,5.6234132519034905e+19,power,0.5321145404287537,0.3952340876513737,0.07265137191987253
1.1395247533613322,4.9907059383413,0.9999999999999997,2.8259570369128126,3.4122197720923836e+19,2.431471933159878e+19,4.658817395496801e+18,6.3095734448019415e+19,6.309573444801943e+19,power,0.5408003887970423,0.38536233145253485,0.07383727975042285
1.1881856830966393,5.456449992600683,1.0,2.799201200157703,3.8899654570445365e+19,2.6583824363950522e+19,5.311099504018141e+18,7.0794578438414025e+19,7.0794578438414025e+19,power,0.5494722255361002,0.375506499937371,0.07502127452652889
1.2393398760111098,5.96194522559336,1.0,2.7731731343855532,4.433325874003142e+19,2.904659713909085e+19,6.052967593305624e+18,7.94328234724279e+19,7.94328234724279e+19,power,0.558122660154716,0.36567499264549347,0.07620234719979056
1.2931356234074745,6.510161753411007,1.0,2.747848121137348,5.0511132464883835e+19,3.1717508062618427e+19,6.89645328587214e+18,8.91250938133744e+19,8.91250938133744e+19,power,0.5667442277329078,0.3558762937072925,0.07737947855979968
1.3497304422152476,7.10424969083591,1.0,2.7232023180713867,5.753293246091693e+19,3.4611904493752553e+19,7.855163045330525e+18,1e+20,1e+20,power,0.5753293246091693,0.34611904493752554,0.07855163045330525
1.4092920666824367,7.7475453291383305,1.0,2.6992127297552964,6.55113250117033e+19,3.774604084356194e+19,8.944479574931226e+18,1.1220184543019647e+20,1.1220184543019654e+20,power,0.5838702987506521,0.3364119431265922,0.07971775812275571
1.4719996016422607,8.443576522626604,1.0,2.6758571794989767,7.457364766645382e+19,4.113710481823681e+19,1.0181788694726498e+19,1.2589254117941712e+20,1.2589254117941713e+20,power,0.5923595390784462,0.3267636385193768,0.08087682240217721
1.538042984193309,9.196074631032761,1.0,2.6531142821855176,8.486374841026807e+19,4.480327560239161e+19,1.1586730449615266e+19,1.4125375446227495e+20,1.4125375446227496e+20,power,0.6007893293408557,0.3171829008931395,0.08202776976600483
1.6076249957240578,10.008977460307271,1.0,2.630963418058015,9.654409408097201e+19,4.876373818661703e+19,1.3181486978522046e+19,1.5848931924611108e+20,1.5848931924611108e+20,power,0.6091520522657615,0.30767838753155324,0.0831695602026853
1.6809612376529353,10.886440155291814,1.0,2.6093847074211522,1.0979810350244364e+20,5.303873643658171e+19,1.4991101064866972e+19,1.778279410038923e+20,1.778279410038923e+20,power,0.6174401102695126,0.2982587333416901,0.08430115638879745
1.7582817334547445,11.832839902658595,1.0,2.5883589862172434,1.2483279753443415e+20,5.764959600575267e+19,1.704383795670141e+19,1.9952623149688822e+20,1.995262314968883e+20,power,0.6256460446223635,0.2889324154185299,0.08542153995910669
1.8398306104534925,12.85278973618414,1.0,2.5678677824373954,1.418817359181243e+20,6.2618791594689135e+19,1.9371586344021238e+19,2.2387211385683467e+20,2.238721138568347e+20,power,0.6337624346052189,0.27970786765668193,0.08652969773809922
1.925868745471156,13.95113909484818,0.9999999999999999,2.547893293329394,1.612083764789332e+20,6.796994967010031e+19,2.201031700192368e+19,2.5118864315095718e+20,2.5118864315095718e+20,power,0.6417821062955126,0.2705932434582734,0.08762465024621399
2.016672921412057,15.132991869401398,1.0,2.5284183633648634,1.8310976953782374e+20,7.372793638772361e+19,2.5000587200897536e+19,2.8183829312644488e+20,2.818382931264449e+20,power,0.6496979793149427,0.26159658990925716,0.08870543077580018
2.1125386440856984,16.403706863488534,1.0,2.5094264629293725,2.0792078793224e+20,7.991885983891613e+19,2.838811824568183e+19,3.1622776601683794e+20,3.1622776601683794e+20,power,0.6575032627627296,0.25272562509473234,0.08977111214253802
2.2137799700270255,17.768914598170237,1.0,2.490901667700182,2.360188033593005e+20,8.65701519222854e+19,3.2224433951989838e+19,3.548133892335757e+20,3.54813389233576e+20,power,0.6651913668453135,0.24398783853473965,0.09082079461994685
2.320731284877485,19.234524872880105,1.0,2.4728286386775826,2.6782898173348194e+20,9.371060518067187e+19,3.6567583639344734e+19,3.981071705534985e+20,3.9810717055349857e+20,power,0.6727559851813584,0.2353903976418803,0.09185361717676147
2.4337484317008857,20.80673890129981,1.0,2.4551926028370237,3.038302090190893e+20,1.0137043192713267e+20,4.148295120473966e+19,4.466835921509617e+20,4.466835921509617e+20,power,0.6801911114666744,0.22694012878107553,0.09286875975224995
2.553210463102225,22.492058730132225,1.0,2.437979334370551,3.445617581189001e+20,1.095813101332042e+20,4.704416537516715e+19,5.0118723362727146e+20,5.0118723362727146e+20,power,0.6874910911540648,0.21864345853370012,0.09386545031223498
2.6795204992972756,24.29730389320341,1.0,2.421175136487589,3.906307431569642e+20,1.1837646456768702e+20,5.333411746569752e+19,5.623413251903488e+20,5.6234132519034906e+20,power,0.6946506074842326,0.21050642957392002,0.09484296294184724
2.8131071004435495,26.229626851939397,1.0,2.4047668237465527,4.42720497235053e+20,1.2779074202264874e+20,6.044610522249257e+19,6.309573444801943e+20,6.309573444801943e+20,power,0.7016647022308334,0.20253467709124998,0.09580062067791646
2.9544267936105033,28.29652161469533,0.9999999999999999,2.3887417048904585,5.016000097466077e+20,1.3786065330679559e+20,6.848512133073683e+19,7.079457843841401e+20,7.079457843841402e+20,power,0.7085288461502207,0.19473334872206924,0.09673780512771013
3.1039653197395785,30.5058430772381,1.0,2.3730875661613657,5.681344737669886e+20,1.4862446747230405e+20,7.756929348498617e+19,7.943282347242789e+20,7.943282347242789e+20,power,0.7152389263415709,0.1871071189152598,0.09765395474316914
3.26223889550954,32.86582921170541,1.0,2.357792655070245,6.432971183255941e+20,1.6012231991942876e+20,8.783149988872112e+19,8.91250938133744e+20,8.91250938133744e+20,power,0.7217912383605916,0.17966019789524224,0.09854856374416611
3.4297967527260638,35.385115655441325,0.9999999999999999,2.342845664600725,7.281825286192131e+20,1.7239628347331006e+20,9.942118790747655e+19,9.999999999999997e+20,1e+21,power,0.7281825286192133,0.1723962834733101,0.09942118790747657
3.6072227453562378,38.07276009576769,0.9999999999999999,2.3282357178269697,8.240215571756673e+20,1.854904871865801e+20,1.1250640993971778e+20,1.1220184543019653e+21,1.1220184543019653e+21,power,0.7344099858752421,0.16531857071992476,0.10027144340483306
3.795138505971315,40.93825609630286,1.0,2.3139523529278856,9.321981124703635e+20,1.9945118370118753e+20,1.272761156226203e+20,1.2589254117941712e+21,1.2589254117941712e+21,power,0.7404712810918888,0.15842970666303216,0.10109901224507921
3.994204414083817,43.99156879348383,1.0,2.2999855085817025,1.05426790954443e+21,2.143269231618532e+20,1.4394271191646618e+20,1.4125375446227495e+21,1.4125375446227498e+21,power,0.7463645221734594,0.15173184173245755,0.10190363609408298
4.2051221008054736,47.24316119447967,1.0,2.2863255097268476,1.191979567504932e+21,2.3016868133950495e+20,1.6274494361667335e+20,1.5848931924611105e+21,1.584893192461111e+21,power,0.7520882625875626,0.14522661996048214,0.10268511745195519
4.428638743594798,50.70400614754584,1.0,2.2729630536768775,1.347298356482942e+21,2.4702991795084332e+20,1.8395113560513764e+20,1.7782794100389228e+21,1.7782794100389228e+21,power,0.7576415432113969,0.13891513142214043,0.10344332536646271
4.665547103601913,54.3856424361725,1.0,2.2598891965789565,1.5224326592736836e+21,2.649668499490324e+20,2.078628057461669e+20,1.995262314968883e+21,1.995262314968883e+21,power,0.7630238128851878,0.1327980025288879,0.10417818458592429
4.916690643088842,58.300186281332714,1.0,2.2470953402070872,1.7198638822785902e+21,2.8403850756265296e+20,2.3481874872710346e+20,2.2387211385683465e+21,2.238721138568347e+21,power,0.7682349769468995,0.12687534086728394,0.10488968218581665
5.182966198936441,62.46036962811185,0.9999999999999999,2.2345732190828405,1.94237990733348e+21,3.043069208281608e+20,2.6519960334793117e+20,2.5118864315095717e+21,2.5118864315095717e+21,power,0.7732753690484985,0.12114676723074659,0.105577863720755
5.465325255279748,66.87959868363079,0.9999999999999999,2.222314887917791,2.1931125584917294e+21,3.258374047866491e+20,2.994329679860709e+20,2.818382931264449e+21,2.818382931264449e+21,power,0.7781456998491698,0.1156114739314236,0.10624282621940669
5.764780879124853,71.57195735019738,0.9999999999999999,2.2103127093731825,2.4755799072837437e+21,3.4869857621016143e+20,3.379991766744739e+20,3.162277660168379e+21,3.1622776601683794e+21,power,0.7828471036765091,0.11026817176819148,0.1068847245552994
6.082408204438907,76.55228365129119,1.0,2.19855934213347,2.793733428894888e+21,3.729627259490906e+20,3.814377374917819e+20,3.54813389233576e+21,3.5481338923357606e+21,power,0.7873810610500256,0.10511517808127777,0.10750376086869678
6.419349637265525,81.8362015278411,1.0,2.187047729291413,3.152011143557611e+21,3.987059738436418e+20,4.303545881337325e+20,3.9810717055349854e+21,3.9810717055349854e+21,power,0.7917494023469333,0.10015041258596542,0.1081001850671013
6.776819158107055,87.44016708326299,1.0,2.1757710870431968,3.5553971968676316e+21,4.260084940296573e+20,4.854302306123272e+20,4.466835921509616e+21,4.4668359215096167e+21,power,0.7959542860634214,0.09537142207938612,0.10867429185719245
7.156107966592605,93.38150468536368,1.0,2.1647228936927085,4.0094887776680144e+21,4.5495469082709184e+20,5.474288677776062e+20,5.011872336272712e+21,5.011872336272714e+21,power,0.7999981860371642,0.09077539496256161,0.10922641900027415
7.558584894682425,99.67851106878821,1.0,2.1538968789646,4.5205709285338644e+21,4.856337059271361e+20,6.172086174424903e+20,5.623413251903491e+21,5.623413251903491e+21,power,0.8038838203832306,0.08635924200711233,0.10975693760965709
7.985705367424698,106.35046631652826,1.0,2.143287013626049,5.095700938152115e+21,5.181394718941257e+20,6.957330347557023e+20,6.309573444801943e+21,6.309573444801943e+21,power,0.8076141727694983,0.08211957217503948,0.1102662550554622
8.43901626557202,113.41769835765308,1.0,2.1328874994173286,5.742802807463852e+21,5.525710263984858e+20,7.840840099790645e+20,7.079457843841402e+21,7.079457843841402e+21,power,0.8111924576907622,0.07805273208585897,0.11075481022337873
8.920159603748676,120.90167039779818,1.0,2.122692759291281,6.470773177849059e+21,5.8903293817807274e+20,8.834762312156583e+20,7.943282347242789e+21,7.943282347242789e+21,power,0.8146220787550305,0.07415485342561609,0.11122306781935351
9.430880841567843,128.82501933141978,1.0,2.11269742796168,7.289600440363763e+21,6.276354941826773e+20,9.952734467909992e+20,8.91250938133744e+21,8.912509381337441e+21,power,0.8179066218575876,0.07042186070478977,0.11167151743762263
9.973033012851232,137.21165417951138,1.0,2.1028963427602365,8.210498141281164e+21,6.684951791625795e+20,1.1210066795562549e+21,9.999999999999998e+21,1e+22,power,0.8210498141281165,0.06684951791625797,0.11210066795562551
10.548584113569888,146.0868231540522,1.0,2.0932845348016316,9.246054851548373e+21,7.117350024065424e+20,1.262394689064738e+21,1.1220184543019653e+22,1.1220184543019653e+22,power,0.8240555060478543,0.06343344885974535,0.11251104509240038
11.159624295482189,155.47719220209322,1.0,2.083857220455568,1.0410402308951e+22,7.574848804085983e+20,1.4213669285821103e+21,1.258925411794171e+22,1.2589254117941714e+22,power,0.8269276488838607,0.06016916278852936,0.11290318832760982
11.808376926058962,165.41088255835768,1.0,2.0746097931243086,1.1719404293526957e+22,8.058818198243187e+20,1.600089332876214e+21,1.412537544622749e+22,1.4125375446227496e+22,power,0.8296702865095806,0.0570520637056446,0.11327764978477475
12.497196996481772,175.9176852999395,1.0,2.06553781532363,1.3190867810150578e+22,8.570709627813053e+20,1.8009931516792257e+21,1.584893192461111e+22,1.584893192461111e+22,power,0.8322874924881883,0.05407752187075758,0.113634985641054
13.228593247417434,187.0289753209825,0.9999999999999999,2.056637011064552,1.4844781440015308e+22,9.112051677638264e+20,2.02680749261009e+21,1.7782794100389225e+22,1.7782794100389228e+22,power,0.8347834067139308,0.051240832156060456,0.1139757611300087
14.005224901823693,198.77797227056715,1.0,2.04790325853257,1.6703581243066599e+22,9.684462809022031e+20,2.2805956257200262e+21,1.995262314968883e+22,1.995262314968883e+22,power,0.8371621674880929,0.04853729124419947,0.11430054126770761
14.829920411192973,211.1997223352267,0.9999999999999998,2.039332583060547,1.8792450438584802e+22,1.0289650472172235e+21,2.565795899881445e+21,2.238721138568347e+22,2.238721138568347e+22,power,0.8394279267225974,0.04596218034887733,0.11460989292852529
15.705679762064202,224.33131369628646,0.9999999999999999,2.030921150390808,2.113965464110225e+22,1.0929421603283072e+21,2.8862675136651613e+21,2.511886431509572e+22,2.511886431509572e+22,power,0.8415848095647351,0.04351081110269306,0.11490437933257186
16.63569194839522,238.2119020742414,1.0,2.022665260221399,2.377691892809021e+22,1.1605683869057041e+21,3.246341997648583e+21,2.8183829312644493e+22,2.8183829312644493e+22,power,0.8436369190407652,0.0411785202795357,0.11518456067969915
17.623346940082968,252.88282489906592,1.0,2.014561340030943,2.673985055030694e+22,1.232045122908249e+21,3.650880928468574e+21,3.1622776601683767e+22,3.1622776601683792e+22,power,0.8455883203147685,0.03896068768492165,0.11545099200030971
18.672235843078468,268.387895632521,0.9999999999999999,2.0066059391759983,3.006841250806777e+22,1.3075858275216418e+21,4.105340587768186e+21,3.54813389233576e+22,3.5481338923357603e+22,power,0.8474430058295669,0.03685277577450296,0.11570421839593019
19.78618202227604,284.7732892662115,1.0,1.9987957232543807,3.3807456819021177e+22,1.3874154653049826e+21,4.6158447710236914e+21,3.981071705534985e+22,3.981071705534985e+22,power,0.8492049206754505,0.034850300821661254,0.11594477850288819
20.969245669349682,302.08781112687353,0.9999999999999999,1.9911274687274783,3.80073211514131e+22,1.4717718158101274e+21,5.189266247872936e+21,4.466835921509617e+22,4.466835921509617e+22,power,0.8508779328202435,0.03294886675203251,0.11617320042772392
22.22573595191642,320.38308238493494,1.0,1.9835980577942383,4.272449875529189e+22,1.560906377379403e+21,5.833318230055853e+21,5.011872336272714e+22,5.011872336272714e+22,power,0.8524658229236886,0.031144176719797204,0.11639000035651428
23.560230018823315,339.71365103966843,1.0,1.9762044735092004,4.802239055417319e+22,1.6550849078652646e+21,6.556657056996446e+21,5.62341325190349e+22,5.623413251903491e+22,power,0.8539722834333385,0.02943203413522968,0.11659568243143183
24.977593615084817,360.13710194081716,0.9999999999999998,1.9689437951366844,5.3972149067952635e+22,1.7545879606556594e+21,7.368997419411131e+21,6.309573444801942e+22,6.309573444801943e+22,power,0.8554009164029444,0.027808345144173786,0.11679073845288197
26.482988786173593,381.7143713183128,1.0,1.9618131937330607,6.065362449086509e+22,1.85971241706282e+21,8.281241530486113e+21,7.079457843841402e+22,7.079457843841402e+22,power,0.8567552181079685,0.026269136113023547,0.11697564577900796
28.081900813944223,404.50981737426207,1.0,1.954809927948878,6.815642741862432e+22,1.9707718302474049e+21,9.305624223556174e+21,7.94328234724279e+22,7.94328234724279e+22,power,0.8580385845441117,0.02481054737946567,0.11715086807642272
29.780157971262533,428.5914176767628,1.0,1.9479313400425309,7.658112074124813e+22,2.088097386921188e+21,1.0455875685205078e+22,8.91250938133744e+22,8.91250938133744e+22,power,0.859254307228074,0.023428838025052842,0.11731685474687305
31.58395463726522,454.0309477848309,1.0,1.9411748520971142,8.60405571525038e+22,2.2120387776076964e+21,1.1747404069888519e+22,1.0000000000000001e+23,1.0000000000000001e+23,power,0.8604055715250379,0.02212038777607696,0.11747404069888517
33.49985866356541,480.90441139946483,1.0,1.9345379624321013,9.666137887540311e+22,2.3429662923381927e+21,1.319750026245504e+22,1.1220184543019634e+23,1.1220184543019653e+23,power,0.8614954460400444,0.020881709060621576,0.11762284489933408
35.5348585868445,509.2919421937288,1.0,1.9280182422015306,1.0858570287164123e+23,2.4812703423678466e+21,1.482556796540808e+22,1.2589254117941714e+23,1.2589254117941714e+23,power,0.8625268967832583,0.019709430909267585,0.1177636723074742
37.6963668623027,539.2783575029721,1.0,1.9216133321704745,1.219730088319924e+23,2.62736415775448e+21,1.6653381472528032e+22,1.412537544622749e+23,1.4125375446227497e+23,power,0.8635027741125856,0.018600313795242723,0.11789691209217171
39.99226543167558,570.9531528336476,1.0,1.91532093966166,1.370022602230516e+23,2.781683760605531e+21,1.8705375262453977e+22,1.584893192461111e+23,1.584893192461111e+23,power,0.8644258229812118,0.017551237987753463,0.1180229390310348
42.43092745507078,604.410869490634,1.0,1.9091388356642804,1.538742825384801e+23,2.944689756158369e+21,2.1008968709253815e+22,1.7782794100389228e+23,1.7782794100389228e+23,power,0.8652986795540308,0.016559207397525432,0.11814211304844369
45.02122971271483,639.751632382972,1.0,1.903064852097185,1.7281443120358843e+23,3.11686995296984e+21,2.3594930340329945e+22,1.9952623149688824e+23,1.9952623149688827e+23,power,0.8661238670579693,0.015621354293049181,0.11825477864898143
47.77262903969846,677.0808335858306,1.0,1.897096879218839,1.9407558895671417e+23,3.298737821230167e+21,2.649778707889004e+22,2.2387211385683437e+23,2.238721138568347e+23,power,0.8669038122399871,0.014734920595513299,0.11836126716449957
50.695141525678835,716.5102223892513,1.0,1.8912328631766624,2.179415227717123e+23,3.490837803480433e+21,2.9756282575764452e+22,2.5118864315095718e+23,2.5118864315095718e+23,power,0.8676408297676725,0.013897275608047849,0.11846189462427957
53.79942965923007,758.1575330681259,1.0,1.8854708036885708,2.447306572254842e+23,3.6937435011079094e+21,3.341389239985278e+22,2.8183829312644487e+23,2.818382931264449e+23,power,0.8683371393953462,0.013105896505875929,0.11855696409877794
57.09680960576327,802.1472798717963,0.9999999999999999,1.879808751849793,2.7480030308772513e+23,3.90806154753539e+21,3.75194013815774e+22,3.162277660168379e+23,3.162277660168379e+23,power,0.8689948594618129,0.012358375726334228,0.11864676481185285
60.59929414049989,848.6111061742365,1.0,1.8742448080582828,3.085514042036853e+23,4.13443330928088e+21,4.212755172060983e+22,3.54813389233576e+23,3.5481338923357603e+23,power,0.8696160110253447,0.011652416269328425,0.11873157270532704
64.31965977746029,897.6878561314142,0.9999999999999998,1.8687771200522962,3.464338649563817e+23,4.3735352350722454e+21,4.729977036204465e+22,3.9810717055349855e+23,3.9810717055349855e+23,power,0.8702025247993544,0.010985823814706999,0.11881165138593855
68.27146076787758,949.5244426362466,1.0,1.8634038810539768,3.88952524401488e+23,4.6260830845237933e+21,5.310498466494984e+22,4.466835921509616e+23,4.466835921509616e+23,power,0.8707562382771321,0.010356509990096878,0.11888725173277111
72.46910459690477,1004.2759270058015,0.9999999999999999,1.8581233280130314,4.366738631900216e+23,4.892832316372263e+21,5.9620538120877615e+22,5.011872336272714e+23,5.011872336272715e+23,power,0.8712789031549277,0.009762483934319485,0.11895861291075281
76.92790093435774,1062.10603495064,1.0,1.8529337399448669,4.902335270307979e+23,5.174580602279517e+21,6.693321755727162e+22,5.62341325190349e+23,5.623413251903491e+23,power,0.8717721872296278,0.009201850140620475,0.11902596262975186
81.6640962392879,1123.187938210996,1.0,1.8478334363577946,5.503447672852208e+23,5.472171634963973e+21,7.514040556000882e+22,6.309573444801936e+23,6.309573444801942e+23,power,0.8722376751769417,0.008672807572233198,0.11908951725082513
86.69495631513402,1187.7044537063773,0.9999999999999998,1.842820775764178,6.17807914376187e+23,5.786496098457464e+21,8.435137390949538e+22,7.079457843841399e+23,7.079457843841402e+23,power,0.8726768744214416,0.00817364299088423,0.11914948258767413
92.03881504279235,1255.8487861520268,1.0,1.8378941542706522,6.9352100490217e+23,6.118495286132675e+21,9.468873453597629e+22,7.94328234724279e+23,7.94328234724279e+23,power,0.8730912166843718,0.007702729197655273,0.11920605411797291
97.71517761576644,1327.8246151195992,1.0,1.8330520042427796,7.7849170865399e+23,6.469161524862687e+21,1.0629006795489143e+23,8.912509381337441e+23,8.912509381337441e+23,power,0.8734820636308458,0.007258518614756177,0.11925941775439813
103.74469328015586,1403.8480353704686,1.0,1.8282927930397637,8.738507030487518e+23,6.839547628324923e+21,1.1930974932292292e+23,9.999999999999996e+23,1e+24,power,0.8738507030487521,0.006839547628324926,0.11930974932292297
110.14939363943708,1484.1460055076548,1.0,1.8236150218150553,9.80866695474365e+23,7.230759338833294e+21,1.339209994887666e+23,1.1220184543019648e+24,1.1220184543019652e+24,power,0.8741983625256736,0.006444421044154507,0.11935721643017194
116.95258236158824,1568.9595946021502,0.9999999999999998,1.8190172243789298,1.1009632572582724e+24,7.643971144901668e+21,1.5031818339099614e+23,1.25892541179417e+24,1.2589254117941714e+24,power,0.8745262006342565,0.006071822105813073,0.1194019772599305
124.1790900611427,1658.5424236602232,1.0,1.8144979661193195,1.2357377339875724e+24,8.080418688072607e+21,1.6871939194710324e+23,1.4125375446227482e+24,1.4125375446227496e+24,power,0.8748353193809129,0.005720498346279833,0.11944418227280731
131.85523674721338,1753.1631398075629,1.0,1.8100558429773983,1.386982445134885e+24,8.541410817142446e+21,1.8936933650908295e+23,1.5848931924611102e+24,1.584893192461111e+24,power,0.8751267604229541,0.005389265887298606,0.11948397368974734
140.0090235029157,1853.104946851165,1.0,1.8056894804746224,1.5567084843423248e+24,9.028327301058876e+21,2.1254259839553877e+23,1.7782794100389222e+24,1.7782794100389228e+24,power,0.875401512020123,0.005077001538729658,0.11952148644114748
148.6701762330311,1958.6672310722352,0.9999999999999998,1.8013975327881049,1.7471724145522335e+24,9.54262674978392e+21,2.3854727366686492e+23,1.9952623149688823e+24,1.9952623149688828e+24,power,0.8756605091193145,0.004782642702261805,0.11955684817842373
157.87026495378197,2070.166311994522,1.0,1.7971786818714113,1.960906225037813e+24,1.0085850272037312e+22,2.677290632584961e+23,2.2387211385683466e+24,2.238721138568347e+24,power,0.8759046364710725,0.004505183829410381,0.1195901796995171
167.64281682095626,2187.936416357785,1.0,1.793031636618012,2.200750943180206e+24,1.0659626220495128e+22,3.0047586210887084e+23,2.511886431509572e+24,2.511886431509572e+24,power,0.8761347310824149,0.004243673633799199,0.11962159528378574
178.02344413040257,2312.3306036876843,1.0,1.7889551320648116,2.4698943482196874e+24,1.1265674701166397e+22,3.372229083435946e+23,2.818382931264448e+24,2.818382931264449e+24,power,0.8763515847406819,0.003997212222723805,0.11965120303659442
189.05001859729597,2443.7212522870004,1.0,1.7849479286333285,2.771913289148789e+24,1.1905809941142266e+22,3.78458561078448e+23,3.162277660168379e+24,3.1622776601683796e+24,power,0.8765559470199069,0.00376494768030848,0.11967910529978462
200.76277546537128,2582.501623777382,0.9999999999999999,1.7810088114062366,3.1108211618002517e+24,1.25819479110434e+22,4.2473078262446096e+23,3.548133892335756e+24,3.5481338923357605e+24,power,0.8767485264634083,0.0035460747234543153,0.11970539881313733
213.20428222460862,2729.089315432437,1.0,1.777136589437141,3.4911211717417277e+24,1.3296123144786833e+22,4.766544106484705e+23,3.981071705534985e+24,3.9810717055349857e+24,power,0.8769299902053844,0.0033398351319070428,0.11973017466270848
226.42003664729785,2883.921839688182,1.0,1.7733300950915796,3.917866131780844e+24,1.4050467202960823e+22,5.349193225258114e+23,4.4668359215096164e+24,4.4668359215096164e+24,power,0.8771009727298777,0.003145507793402967,0.11975351947671933
240.45813669865748,3047.4642850050277,1.0,1.7695881834173712,4.3967255017680925e+24,1.4847245996544496e+22,6.002995885080703e+23,5.011872336272707e+24,5.011872336272715e+24,power,0.877262070294054,0.002962415041797789,0.1197755146641482
255.36972730368038,3220.207230756552,0.9999999999999999,1.7659097315425565,4.934060654277843e+24,1.5688849628245915e+22,6.736637479974015e+23,5.62341325190349e+24,5.62341325190349e+24,power,0.8774138469385464,0.002789915826110652,0.11979623723534288
271.20929801085214,3402.666842094845,1.0,1.762293638099279,5.537009313656076e+24,1.6577792854686083e+22,7.559863382911762e+23,6.309573444801937e+24,6.309573444801943e+24,power,0.877556836780729,0.0026274031041422443,0.11981576011512887
288.03450326991504,3595.391177716041,1.0,1.7587388226720724,6.213580271606848e+24,1.7516745817832552e+22,8.483608264167218e+23,7.079457843841402e+24,7.079457843841402e+24,power,0.8776915420171896,0.0024743061127302014,0.11983415187008029
305.9066618961443,3798.958183055662,1.0,1.7552442252691043,6.972759698769595e+24,1.8508524267847186e+22,9.520141242053422e+23,7.943282347242785e+24,7.943282347242789e+24,power,0.8778184375115319,0.0023300851535601945,0.11985147733490784
324.8909055133903,4013.978371581143,1.0,1.7518088058150338,7.824630407124968e+24,1.955610262634333e+22,1.0683228715861291e+24,8.912509381337441e+24,8.912509381337441e+24,power,0.8779379714886514,0.0021942308040980344,0.11986779770725055
345.0565279558671,4241.09528158031,1.0,1.748431543664221,8.780505675552674e+24,2.066261621185927e+22,1.1988317082354585e+24,9.999999999999992e+24,1e+25,power,0.8780505675552681,0.0020662616211859284,0.11988317082354594
366.4769873005722,4480.990497214944,0.9999999999999999,1.7451114371331042,9.853079385250955e+24,2.18313857024312e+22,1.3452737720662638e+24,1.1220184543019651e+25,1.1220184543019654e+25,power,0.8781566245611169,0.001945724298805142,0.11989765114007783
389.23038596034104,4734.383071434531,1.0,1.7418475030506488,1.1056594501071404e+25,2.3065914324029035e+22,1.5095937025462826e+24,1.2589254117941714e+25,1.2589254117941714e+25,power,0.8782565192098217,0.001832190700730744,0.11991129008944768
413.39968206143715,5002.032590231,1.0,1.7386387763258337,1.2407032094774654e+25,2.4369902779605434e+22,1.6939734486732327e+24,1.4125375446227492e+25,1.4125375446227497e+25,power,0.8783506068214447,0.0017252569938673013,0.11992413618468792
439.0729215939741,5284.742294221023,1.0,1.73548430953121,1.3922323433969196e+25,2.5747264457444826e+22,1.9008612261845948e+24,1.5848931924611237e+25,1.5848931924611239e+25,power,0.8784392222891513,0.0016245425609698546,0.11993623514987882
466.34373922838347,5583.35931547727,1.0,1.7323831725016405,1.5622587963811783e+25,2.7202126585005257e+22,2.133004009992436e+24,1.7782794100389226e+25,1.7782794100389228e+25,power,0.8785226818472717,0.0015296879911807482,0.11994763016154751
495.31159686183935,5898.778473592611,1.0,1.7293344519473657,1.7530400311736397e+25,2.87388487233432e+22,2.393483989229076e+24,1.9952623149688814e+25,1.995262314968883e+25,power,0.8786012836617828,0.001440354408928503,0.11995836192928874
526.0819924860308,6231.9467787655685,0.9999999999999998,1.7263372510806214,1.967108987063935e+25,3.036204470614582e+22,2.685759470337959e+24,2.2387211385683453e+25,2.238721138568347e+25,power,0.8786753084941588,0.0013562227194389314,0.11996846878640247
558.7671962722742,6583.862090035262,1.0,1.7233906892550677,2.207307696415391e+25,3.2076576102651794e+22,3.0137107748391475e+24,2.511886431509571e+25,2.5118864315095717e+25,power,0.8787450215608923,0.0012769914953270679,0.11997798694378052
593.4863597184877,6955.579683255719,0.9999999999999998,1.7204939016173413,2.4768249995683852e+25,3.388758421682183e+22,3.381691732744035e+24,2.8183829312644706e+25,2.8183829312644723e+25,power,0.8788106726353025,0.00120237686089087,0.11998695050380664
630.3659046674405,7348.2159136152495,1.0,1.7176460387700954,2.7792388632466557e+25,3.58005079311335e+22,3.7945874612861015e+24,3.162277660168379e+25,3.1622776601683795e+25,power,0.8788724969516661,0.0011321114645330436,0.11999539158380085
669.5403565131162,7762.947208104605,0.9999999999999998,1.7148462664459172,3.1185638647841144e+25,3.78210787978856e+22,4.257879196718578e+24,3.5481338923357606e+25,3.5481338923357606e+25,power,0.8789307166565641,0.0010659428292596853,0.12000334051417623
711.1527121888151,8201.015074294157,1.0,1.7120937651915713,3.499304467671388e+25,3.995534544196114e+22,4.7777170331940025e+24,3.981071705534985e+25,3.9810717055349854e+25,power,0.8789855412064587,0.0010036329008194002,0.12001082589272184
755.3543642054993,8663.73669903984,1.0,1.7093877300620388,3.926514795568254e+25,4.220972519772211e+22,5.361001534215858e+24,4.466835921509612e+25,4.466835921509617e+25,power,0.8790371673740032,0.0009449580405330158,0.12001787458546392
802.3066586618371,9152.49728323102,1.0,1.70672737032386,4.405865708232372e+25,4.4590966763901524e+22,6.015475313639932e+24,5.0118723362727555e+25,5.0118723362727555e+25,power,0.8790857812449668,0.0008897067557204195,0.1200245119993128
852.1806278919963,9668.764051594026,0.9999999999999999,1.7041119091673274,4.943720052256176e+25,4.7106218459366074e+22,6.749825778013765e+24,5.623413251903489e+25,5.6234132519034905e+25,power,0.8791315577923708,0.0008376801837108615,0.12003076202391835
905.1580862435085,10214.085224942623,1.0,1.701540583427091,5.5472171009622965e+25,4.976302321592046e+22,7.573800415180522e+24,6.309573444801941e+25,6.309573444801943e+25,power,0.8791746620419005,0.0007886907673119658,0.12003664719078748
961.4323513653138,10790.094048155306,1.0,1.699012643310781,6.2243672953025e+25,5.256933820261265e+22,8.498336147186347e+24,7.079457843841396e+25,7.0794578438414025e+25,power,0.8792152496136747,0.0007425616390716146,0.12004218874725373
1021.2082478218682,11398.521565431205,1.0,1.6965273521352648,6.9841585413562675e+25,5.553359706678083e+22,9.535704461798424e+24,7.943282347242788e+25,7.943282347242788e+25,power,0.8792534667712718,0.0006991265655570864,0.12004740666317099
1084.7039578138128,12041.18941220144,1.0,1.6940839860701888,7.836675487320409e+25,5.866467481624541e+22,1.06996742653548e+25,8.912509381337514e+25,8.912509381337514e+25,power,0.8792894517149273,0.0006582284775945057,0.12005231980747809
1152.1509255992169,12720.025286356515,1.0,1.6916818338884738,8.793233344392661e+25,6.197196319512894e+22,1.2005694592877448e+25,9.99999999999992e+25,1e+26,power,0.8793233344392732,0.0006197196319512944,0.12005694592877544
0.02097323610041593,0.6991995274958054,0.4,4.805843293169472,8.79868606288127e+16,0.0,1.201313937118723e+16,9.999999999999994e+16,1e+17,log,0.8798686062881276,0.0,0.12013139371187238
0.022263092844935578,0.739062342993975,0.4,4.754961345542364,9.872288136162293e+16,0.0,1.3478964068573584e+16,1.1220184543019651e+17,1.1220184543019653e+17,log,0.8798686062881277,0.0,0.12013139371187236
0.0236320369766676,0.781205719866416,0.4,4.7049266058864525,1.1076889474960424e+17,0.0,1.5123646429812632e+16,1.2589254117941686e+17,1.2589254117941714e+17,log,0.8798686062881277,0.0,0.12013139371187237
0.025084899986035154,0.825760677677785,0.4,4.655724828299366,1.2428474407168709e+17,0.0,1.6969010390587676e+16,1.4125375446227477e+17,1.4125375446227498e+17,log,0.8798686062881276,0.0,0.12013139371187236
0.026626810470171708,0.8728656942272893,0.4,4.607342006728088,1.394497764366293e+17,0.0,1.903954280948112e+16,1.584893192461104e+17,1.584893192461111e+17,log,0.8798686062881277,0.0,0.12013139371187237
0.028263205378432004,0.9226673603552785,0.4,4.559764370929522,1.5646522261018182e+17,0.0,2.136271839371016e+16,1.7782794100389197e+17,1.778279410038923e+17,log,0.8798686062881277,0.0,0.12013139371187238
0.029999846706418518,0.975320912709466,0.4,4.512978382499081,1.7555686722508906e+17,0.0,2.3969364271798828e+16,1.9952623149688787e+17,1.995262314968883e+17,log,0.8798686062881277,0.0,0.12013139371187238
0.031842855294594276,1.0309902749174926,0.4,4.4669707309661595,1.9697804480599014e+17,0.0,2.689406905084452e+16,2.2387211385683466e+17,2.238721138568347e+17,log,0.8798686062881277,0.0,0.12013139371187236
0.03379872072533553,1.0898489480351192,0.4,4.42172832995537,2.2101300136463827e+17,0.0,3.0175641786318616e+16,2.511886431509569e+17,2.511886431509572e+17,log,0.8798686062881276,0.0,0.12013139371187237
0.03587432018639129,1.1520806753659372,0.4,4.377238313412401,2.479806661717893e+17,0.0,3.3857626954654972e+16,2.818382931264443e+17,2.8183829312644493e+17,log,0.8798686062881276,0.0,0.12013139371187237
0.03807695446004976,1.2178796321835157,0.4,4.333488031893482,2.7823888375484326e+17,0.0,3.79888822619946e+16,3.162277660168379e+17,3.1622776601683795e+17,log,0.8798686062881276,0.0,0.12013139371187236
0.04041436961181438,1.2874511602182315,0.4,4.290465048917292,3.121891622773132e+17,0.0,4.262422695626249e+16,3.548133892335757e+17,3.5481338923357606e+17,log,0.8798686062881277,0.0,0.12013139371187234
0.042894776159822796,1.3610126634965642,0.4,4.248157137378321,3.5028200130821606e+17,0.0,4.782516924528178e+16,3.9810717055349786e+17,3.9810717055349856e+17,log,0.8798686062881276,0.0,0.12013139371187237
0.04552687889588316,1.4387942508148404,0.4,4.206552276020647,3.93022869677641e+17,0.0,5.3660722473320584e+16,4.466835921509616e+17,4.4668359215096166e+17,log,0.8798686062881277,0.0,0.12013139371187236
0.04831991947018737,1.5210390717266076,0.4,4.165638645971063,4.409789127410294e+17,0.0,6.020832088624189e+16,5.011872336272713e+17,5.011872336272715e+17,log,0.8798686062881276,0.0,0.12013139371187237
0.051283690407485705,1.608004657107738,0.4,4.125404627330631,4.947864780534507e+17,0.0,6.755484713689779e+16,5.623413251903485e+17,5.6234132519034906e+17,log,0.8798686062881277,0.0,0.12013139371187234
0.05442858210671232,1.699963321435918,0.4,4.085838795823604,5.551595593150455e+17,0.0,7.579778516514755e+16,6.30957344480193e+17,6.309573444801943e+17,log,0.8798686062881277,0.0,0.12013139371187237
0.05776561610269675,1.7972031133717636,0.4,4.0469299195028,6.228992706336282e+17,0.0,8.504651375051138e+16,7.079457843841395e+17,7.079457843841403e+17,log,0.8798686062881277,0.0,0.12013139371187238
0.06130647679053153,1.900028929542893,0.4,4.008666955510452,6.98904476822159e+17,0.0,9.542375790211878e+16,7.943282347242778e+17,7.943282347242789e+17,log,0.8798686062881276,0.0,0.12013139371187237
0.06506353269613771,2.0087640707815275,0.4,3.9710390468935937,7.841837207887236e+17,0.0,1.0706721734502042e+17,8.91250938133744e+17,8.912509381337441e+17,log,0.8798686062881276,0.0,0.12013139371187238
0.06904994915599239,2.123749104918226,0.4,3.9340355194731305,8.798686062881271e+17,0.0,1.201313937118723e+17,9.999999999999994e+17,1e+18,log,0.8798686062881277,0.0,0.12013139371187238
0.07327963655596711,2.245345956062967,0.4,3.897645878765557,9.872288136162284e+17,0.0,1.347896406857357e+17,1.122018454301964e+18,1.1220184543019653e+18,log,0.8798686062881277,0.0,0.12013139371187236
0.07776738900764293,2.373936259638731,0.4,3.861859806956583,1.1076889474960442e+18,0.0,1.512364642981266e+17,1.258925411794171e+18,1.2589254117941714e+18,log,0.8798686062881276,0.0,0.12013139371187237
0.08252885140822222,2.509925154475631,0.4,3.82666715992569,1.2428474407168712e+18,0.0,1.696901039058768e+17,1.412537544622748e+18,1.4125375446227497e+18,log,0.8798686062881277,0.0,0.12013139371187236
0.08758064808616936,2.6537402855523253,0.4,3.7920579643207972,1.3944977643662927e+18,0.0,1.9039542809481117e+17,1.5848931924611039e+18,1.5848931924611108e+18,log,0.8798686062881277,0.0,0.12013139371187237
0.09294038347451852,2.805834894026092,0.4,3.758022414682212,1.5646522261018204e+18,0.0,2.1362718393710186e+17,1.7782794100389222e+18,1.7782794100389228e+18,log,0.8798686062881277,0.0,0.12013139371187236
0.09862670482003205,2.9666891866902714,0.4,3.7245508706149995,1.755568672250894e+18,0.0,2.3969364271798874e+17,1.9952623149688827e+18,1.995262314968883e+18,log,0.8798686062881277,0.0,0.12013139371187237
0.10465946388095838,3.1368089341325853,0.4,3.6916338540089653,1.9697804480599012e+18,0.0,2.6894069050844522e+17,2.2387211385683464e+18,2.238721138568347e+18,log,0.8798686062881277,0.0,0.12013139371187238
0.11105957090911917,3.316733526512765,0.4,3.6592620463054764,2.2101300136463839e+18,0.0,3.0175641786318624e+17,2.51188643150957e+18,2.511886431509572e+18,log,0.8798686062881277,0.0,0.12013139371187236
0.11784935900047241,3.507028920578683,0.4,3.6274262858102686,2.479806661717899e+18,0.0,3.3857626954655046e+17,2.818382931264449e+18,2.818382931264449e+18,log,0.8798686062881277,0.0,0.12013139371187237
0.12505237253747925,3.708298079556663,0.4,3.5961175650515806,2.7823888375484324e+18,0.0,3.79888822619946e+17,3.1622776601683784e+18,3.1622776601683794e+18,log,0.8798686062881277,0.0,0.12013139371187237
0.2853537294278341,1.007191730442268,0.9999999999999998,3.559482860126445,1.7244354991834499e+18,1.5882554663304637e+18,2.35442926821847e+17,3.5481338923357604e+18,3.5481338923357604e+18,log,0.4860119576965125,0.44763120967932374,0.06635683262416384
0.2969436623737649,1.105290491904833,1.0,3.5155540832019163,1.9692540399187274e+18,1.7429488473660214e+18,2.6886881825023702e+17,3.9810717055349857e+18,3.9810717055349857e+18,log,0.494654250306726,0.4378089560513957,0.06753679364187835
0.30909812355704175,1.2122603586644363,0.9999999999999998,3.472869873843619,2.248244412754582e+18,1.9116312049336092e+18,3.069603038214256e+17,4.4668359215096166e+18,4.4668359215096166e+18,log,0.5033192291501862,0.42796091876317505,0.06871985208663876
0.32184948660697754,1.328820218421298,0.9999999999999999,3.431387655490524,2.566080630551199e+18,2.0954361636302587e+18,3.503555420912571e+17,5.011872336272715e+18,5.011872336272715e+18,log,0.5120003979310397,0.4180944810714425,0.06990512099751794
0.33523215186819955,1.4557378796417622,0.9999999999999999,3.391066345240101,2.928060851690148e+18,2.2955744919292465e+18,3.9977790828409485e+17,5.623413251903489e+18,5.623413251903491e+18,log,0.5206910323901623,0.4082172853208342,0.0710916822890035
0.3492827476046057,1.59383229363389,1.0,3.351866303255875,3.340188736448375e+18,2.5133376062038154e+18,4.560471021497514e+17,6.309573444801943e+18,6.309573444801943e+18,log,0.529384238993231,0.39833716624289317,0.0722785947638758
0.364040282184996,1.7439759175831233,1.0,3.3137492840085283,3.809264910964785e+18,2.7501012970328914e+18,5.200916358437254e+17,7.079457843841402e+18,7.079457843841402e+18,log,0.5380729704151795,0.388462133357468,0.07346489622735251
0.37954621503820224,1.907097384976037,1.0,3.2766783892825746,4.3429895650614487e+18,3.007329940231618e+18,5.929628419497231e+17,7.943282347242789e+18,7.943282347242789e+18,log,0.5467499926612773,0.378600408340703,0.07464959899801973
0.3958447278289288,2.0841836746529787,1.0,3.2406180228822925,4.950078716631031e+18,3.286579917262386e+18,6.758507474440234e+17,8.91250938133744e+18,8.91250938133744e+18,log,0.5554079670307406,0.3687603318706624,0.0758317010985971
0.4129828024541951,2.2762829056625016,1.0,3.2055338469721733,5.640394161354468e+18,3.589504022481936e+18,7.701018161635969e+17,1e+19,1e+19,log,0.5640394161354468,0.3589504022481936,0.0770101816163597
0.43101045552257194,2.4845067413489224,0.9999999999999999,3.1713927399884807,6.425090294026199e+18,3.917855254182411e+18,8.772389948110437e+17,1.1220184543019653e+19,1.1220184543019653e+19,log,0.5726367752144863,0.3491792170762292,0.07818400770928453
0.44998102684579405,2.7100326018078396,1.0,3.1381627560600043,7.316779517682423e+18,4.2734903034450504e+18,9.989842968142403e+17,1.2589254117941713e+19,1.2589254117941713e+19,log,0.581192455814744,0.339455400884683,0.07935214330057305
0.4699511453393685,2.954107200271296,0.9999999999999999,3.1058130858773305,8.329716373336625e+18,4.65837513071798e+18,1.1372839421728937e+18,1.4125375446227497e+19,1.4125375446227497e+19,log,0.5896987591619213,0.3297877035871712,0.08051353725090764
0.4909812891546739,3.2180478816818674,1.0,3.07431401895123,9.480007785057786e+18,5.074587076633435e+18,1.2943370629198897e+18,1.5848931924611109e+19,1.5848931924611109e+19,log,0.5981480537711629,0.32018479862061444,0.08166714760822277
0.513135716452712,3.5032465552765606,0.9999999999999999,3.0436369072020533,1.0785845586314e+19,5.524321063357157e+18,1.4726274507180718e+18,1.7782794100389229e+19,1.7782794100389229e+19,log,0.6065326700306293,0.3106554027545222,0.08281192721484859
0.5364828508477956,3.811171961895329,1.0,3.0137541298231505,1.2267770395132752e+19,6.009893169940618e+18,1.6749595846154586e+18,1.9952623149688828e+19,1.9952623149688828e+19,log,0.6148449907111123,0.30120817322379717,0.08394683606509054
0.5610956881694185,4.143371791167558,0.9999999999999999,2.9846390593626557,1.3948968279041503e+19,6.5337439709435e+18,1.9044991356984666e+18,2.238721138568347e+19,2.238721138568347e+19,log,0.6230775257682076,0.2918516227135731,0.08507085151821929
0.5870517701861067,4.5014771374747085,0.9999999999999999,2.9562660289691687,1.5855600732040894e+19,7.098445563106838e+18,2.164818019947984e+18,2.5118864315095716e+19,2.511886431509572e+19,log,0.6312228344858781,0.2825942078456499,0.08618295766847192
0.6144337633620216,4.8872041762447855,1.0,2.9286103007481517,1.8017179525972034e+19,7.706704208726404e+18,2.459945577946048e+18,2.8183829312644485e+19,2.8183829312644493e+19,log,0.6392736532039933,0.2734441840118881,0.08728216278411854
0.6433296481422828,5.302357990293091,1.0,2.9016480351772485,2.046698460131805e+19,8.361366369465777e+18,2.7944256308999583e+18,3.1622776601683788e+19,3.162277660168379e+19,log,0.6472228817575831,0.2644096207864482,0.08836749745596868
0.6738331121235314,5.748835600044141,1.0,2.8753562615300643,2.3242534700785754e+19,9.0654234847579e+18,3.173380737813948e+18,3.54813389233576e+19,3.5481338923357606e+19,log,0.6550636308001624,0.2554983481412555,0.08943802105858216
0.7060438498307898,6.228629843432489,1.0,2.8497128492595123,2.6386114762968146e+19,9.8220180900778e+18,3.6025842023039176e+18,3.981071705534986e+19,3.981071705534986e+19,log,0.6627892365335408,0.24671793970507985,0.09049282376137945
0.7400679723109361,6.74383296500714,1.0,2.8246964802933965,2.9945368728098898e+19,1.0634449476654162e+19,4.0885410103431025e+18,4.466835921509616e+19,4.466835921509617e+19,log,0.6703932997381854,0.2380756684042277,0.0915310318575869
0.7760185549446132,7.296639569238521,1.0,2.800286622196599,3.397396616683297e+19,1.1506178348582582e+19,4.638578847311596e+18,5.011872336272715e+19,5.011872336272715e+19,log,0.6778697438270965,0.2295784404823772,0.09255181569052626
0.8140156857546479,7.889353548754294,1.0,2.776463502156105,3.853234523490055e+19,1.2440837748062601e+19,5.260949536071755e+18,5.6234132519034905e+19,5.6234132519034905e+19,log,0.6852127615173506,0.22123285611014726,0.09355438237250226
0.8541874576241825,8.524388814350045,0.9999999999999999,2.753208081746969,4.36885560547781e+19,1.3442234206562292e+19,5.964944186679038e+18,6.309573444801942e+19,6.309573444801943e+19,log,0.6924169507967347,0.2130450548544846,0.09453799434878085
0.8966699571604725,9.204277808529095,1.0,2.7305020324394826,4.951919632960123e+19,1.4514361169944564e+19,6.761020938868221e+18,7.079457843841402e+19,7.0794578438414025e+19,log,0.699477239951068,0.20502080088761276,0.09550195916131915
0.9416080050817917,9.931675201950448,0.9999999999999999,2.7083277118099116,5.6110469244173165e+19,1.5661404827450255e+19,7.660949400804442e+18,7.943282347242786e+19,7.94328234724279e+19,log,0.7063889559918491,0.19716540521673043,0.09644563879142046
0.9891557675695084,10.70936300655999,1.0,2.68666814041952,6.3559369109606064e+19,1.6887752174670113e+19,8.677972529098216e+18,8.912509381337439e+19,8.91250938133744e+19,log,0.713147850847683,0.18948369591658018,0.097368453235737
1.0394771910238156,11.540257937056538,1.0,2.6655069793289794,7.197500942461094e+19,1.8198002621948838e+19,9.826987953440213e+18,9.999999999999998e+19,1e+20,log,0.7197500942461096,0.18198002621948842,0.09826987953440215
1.092746591342075,12.427418421778484,0.9999999999999999,2.644828508217719,8.14801147174809e+19,1.9596979049955533e+19,1.1124751662760059e+19,1.122018454301965e+20,1.1220184543019654e+20,log,0.7261922868119995,0.17465825962860201,0.09914945355939835
1.149149445121943,13.374050606936436,1.0,2.6246176040803517,9.221269700396274e+19,2.1089737277846544e+19,1.2590106897607713e+19,1.25892541179417e+20,1.2589254117941713e+20,log,0.7324714883032261,0.16752173782710683,0.10000677386966712
1.2088829159976564,14.383517731310743,1.0,2.604859720474866,1.0432793314398555e+20,2.2681580846363898e+19,1.4244240471925496e+19,1.4125375446227495e+20,1.4125375446227496e+20,log,0.7385852046279501,0.16057329543351384,0.10084149993853612
1.2721568527359002,15.459345999875032,1.0,2.585540867299865,1.1800027771533808e+20,2.437807028003882e+19,1.6110971250734162e+19,1.5848931924611108e+20,1.5848931924611108e+20,log,0.7445314187519517,0.15381522487444843,0.10165335637359982
1.3391938804767232,16.60524071106482,1.0,2.5666475910807414,1.3342582046460576e+20,2.6185048518518977e+19,1.8217072020767504e+19,1.7782794100389223e+20,1.778279410038923e+20,log,0.7503085269467602,0.14724934884077553,0.10244212421246432
1.4102313448406556,17.825084666177982,1.0,2.5481669557471425,1.5082495872409633e+20,2.810863840832865e+19,2.059263436446329e+19,1.9952623149688825e+20,1.995262314968883e+20,log,0.7559154382487725,0.1408769072489951,0.10320765450223243
1.4855208761492678,19.122962464382464,0.9999999999999999,2.5300865238866077,1.70445359727954e+20,3.015528101402403e+19,2.3271473114856653e+19,2.2387211385683467e+20,2.238721138568347e+20,log,0.7613514554874536,0.13469869245665947,0.103949852055887
1.565330522521063,20.503159069349792,1.0,2.5123943384615375,1.925653241961467e+20,3.2331733357896577e+19,2.6291585596913897e+19,2.5118864315095718e+20,2.5118864315095718e+20,log,0.7666163636244512,0.12871494886202373,0.10466868751352508
1.6499445839613336,21.97018470395367,0.9999999999999998,2.4950789049788966,2.1749752356551095e+20,3.4645107676789543e+19,2.969566188414443e+19,2.818382931264449e+20,2.818382931264449e+20,log,0.7717103348618852,0.12292548075163882,0.10536418438647606
1.739665826296588,23.528774743512837,0.9999999999999999,2.478129174104094,2.455932321355173e+20,3.710287125375127e+19,3.3531662627569295e+19,3.162277660168379e+20,3.1622776601683794e+20,log,0.7766339914706935,0.1173295808938412,0.10603642763546534
1.834815540440145,25.18391570179595,1.0,2.4615345247123193,2.7724703939273874e+20,3.9712887395748676e+19,3.7853462445088604e+19,3.5481338923357595e+20,3.54813389233576e+20,log,0.7813883235680974,0.11192612398740517,0.1066855524444976
1.9357350191162128,26.94085695474716,1.0,2.4452847473722947,3.129021615138279e+20,4.248343392098269e+19,4.272157511868798e+19,3.9810717055349857e+20,3.9810717055349857e+20,log,0.7859746938966009,0.1067135612300499,0.10731174487334925
2.042787495684547,28.80511799823854,1.0,2.4293700282588153,3.5305640915111746e+20,4.542321460374499e+19,4.820396839609925e+19,4.466835921509617e+20,4.466835921509617e+20,log,0.7903948462736418,0.10168991071513035,0.10791524301122792
2.156358307551229,30.78251961908342,1.0,2.4137809334916662,3.9826885144781534e+20,4.854140832844776e+19,5.437697385100839e+19,5.0118723362727146e+20,5.0118723362727146e+20,log,0.7946508305197661,0.0968528427532685,0.10849632672696542
2.2768571127148123,32.87919183212571,0.9999999999999999,2.398508393899476,4.491673306997412e+20,5.184768160573661e+19,6.132631288487132e+19,5.6234132519034906e+20,5.6234132519034906e+20,log,0.7987450158454935,0.09219966465773521,0.10905531949677137
2.4047193277517374,35.10159331871174,1.0,2.3835436902077793,5.0645687933032425e+20,5.535221922530315e+19,6.914824592456696e+19,6.309573444801943e+20,6.309573444801943e+20,log,0.8026800603257291,0.08772735543779797,0.10959258423647292
2.5404065758267764,37.456546696729724,1.0,2.3688784386511017,5.7092914521680944e+20,5.90657798737291e+19,7.795085929360173e+19,7.079457843841402e+20,7.079457843841402e+20,log,0.8064588529381173,0.08343263167406513,0.11010851538781763
2.684410678163024,39.95122904557866,0.9999999999999998,2.3545045770091306,6.434730351341286e+20,6.299968119317061e+19,8.78555183969797e+19,7.943282347242789e+20,7.943282347242789e+20,log,0.8100845557346781,0.07931189958901382,0.11060354467630808
2.8372528544788227,42.59322897599967,1.0,2.3404143510671447,7.25086562961751e+20,6.716588977561532e+19,9.899848539637773e+19,8.91250938133744e+20,8.91250938133744e+20,log,0.8135605046094685,0.07536136782785208,0.11107812756267943
2.9994868368861134,45.39055434862423,1.0,2.3266003015007484,8.168902217259726e+20,7.157703333437443e+19,1.115327449396528e+20,9.999999999999997e+20,1e+21,log,0.8168902217259728,0.07157703333437446,0.11153274493965282
3.171701756335113,48.35164487403141,1.0,2.3130552511846716,9.201419818119425e+20,7.624642057329882e+19,1.256300519167239e+20,1.1220184543019652e+21,1.1220184543019653e+21,log,0.8200774045061363,0.06795469386529258,0.11196790162857116
3.354522582269866,51.48542223668354,0.9999999999999998,2.299772292924987,1.0362540693039242e+21,8.118812022795079e+19,1.414832222622958e+20,1.2589254117941707e+21,1.2589254117941712e+21,log,0.8231258655960372,0.06449001622125071,0.11238411818271228
3.5486139430366883,54.80129612958069,1.0,2.2867447776135204,1.1668118612514752e+21,8.64169705817398e+19,1.5930871278953477e+20,1.4125375446227498e+21,1.4125375446227498e+21,log,0.8260395383423942,0.061178530022590945,0.11278193163501489
3.7546802159739485,58.30922711245076,1.0,2.2739663028025947,1.313595008687104e+21,9.194867858792735e+19,1.7934950518607924e+20,1.5848931924611105e+21,1.584893192461111e+21,log,0.8288224184036531,0.058015694070301556,0.11316188752604542
3.9734706716077675,62.01972052257195,1.0,2.2614307016975057,1.4786012433465e+21,9.77998102675137e+19,2.0187835642490883e+20,1.7782794100389225e+21,1.7782794100389228e+21,log,0.8314785826115688,0.05499687490919837,0.11352454247923287
4.205781587245122,65.94386751906656,0.9999999999999998,2.2491320325633346,1.6640730228205305e+21,1.0398785543258867e+20,2.2720143671576314e+20,1.9952623149688823e+21,1.995262314968883e+21,log,0.8340121548611933,0.05211738559509176,0.11387045954371494
4.452457971505068,70.09339676639841,1.0,2.237064568541894,1.872527419094509e+21,1.1053130918679996e+20,2.5566241028703696e+20,2.238721138568346e+21,2.238721138568347e+21,log,0.8364272739623049,0.04937252223270842,0.11420020380498669
4.714397370161384,74.48070006005334,1.0,2.2252227878737743,2.1067896989453658e+21,1.1744971233486522e+20,2.8764702022934063e+20,2.5118864315095717e+21,2.5118864315095717e+21,log,0.8387280859983967,0.04675757265995553,0.11451434134164777
4.992552998205828,79.11887253935433,0.9999999999999999,2.2136013645196115,2.370030985866109e+21,1.2476371479475287e+20,3.235882306035861e+20,2.8183829312644485e+21,2.818382931264449e+21,log,0.840918726683748,0.04426783649969753,0.11481343681655438
5.2879376206509985,84.02174672670041,1.0,2.202195159173936,2.665810532813574e+21,1.3249512927465896e+20,3.639719980801466e+20,3.1622776601683794e+21,3.1622776601683794e+21,log,0.843003309415793,0.04189863873863755,0.11509805184556958
5.601627056434077,89.20393763035739,1.0,2.190999210664142,2.9981231434240067e+21,1.406670023962612e+20,4.093437465154911e+20,3.548133892335759e+21,3.5481338923357606e+21,log,0.844985909325514,0.03964534785457581,0.11536874281991019
5.934764008773481,94.68088876735757,0.9999999999999998,2.180008727726457,3.3714523858511945e+21,1.493036872689076e+20,4.603156324148831e+20,3.9810717055349854e+21,3.9810717055349854e+21,log,0.8468705502500189,0.03750339062251175,0.11562605912746926
6.288560968559435,100.46893870602705,1.0,2.169219081150101,3.7908302789958713e+21,1.5843094842150755e+20,5.1757469409223646e+20,4.466835921509615e+21,4.4668359215096167e+21,log,0.8486611878313004,0.035468271323466055,0.11587054084523359
6.664308240565014,106.58531536493753,1.0,2.158625796280235,4.261904373058644e+21,1.680759528124639e+20,5.8189201040160686e+20,5.011872336272714e+21,5.011872336272714e+21,log,0.8503617185564997,0.03353556146991975,0.11610271997358074
7.063373509974303,113.04826740402369,1.0,2.1482245458698106,4.791012823980434e+21,1.7826747702226144e+20,6.541329509007954e+20,5.623413251903491e+21,5.623413251903491e+21,log,0.851975945811684,0.03170093838682743,0.1163231158014886
7.487211433437764,119.87704862737036,0.9999999999999999,2.1380111432699342,5.385268854537734e+21,1.8903588265799133e+20,7.352687076062185e+20,6.309573444801943e+21,6.309573444801943e+21,log,0.8535075947129698,0.02996016835555278,0.11653223693147748
7.937366216353594,127.09201836622127,1.0,2.1279815359480434,6.052655357689411e+21,2.004132746487964e+20,8.263892115031943e+20,7.079457843841402e+21,7.079457843841402e+21,log,0.8549602937398332,0.028309127488221564,0.11673057877194522
8.41547886361801,134.7146779404543,1.0,2.1181317993228648,6.802131148962003e+21,2.1243355874250683e+20,9.287176395382788e+20,7.943282347242788e+21,7.943282347242789e+21,log,0.856337575778495,0.026743800541881173,0.11691862367962386
8.923291216705653,142.76776588723985,1.0,2.1084581309049115,7.643750108221778e+21,2.2513259167311453e+20,1.0436266814425469e+21,8.91250938133744e+21,8.912509381337441e+21,log,0.857642868149748,0.02526029225220635,0.11709683959804561
9.462653484642763,151.27530826551373,1.0,2.098956844731142,8.58879493739443e+21,2.3854826048663654e+20,1.1726568021189197e+21,9.999999999999985e+21,1e+22,log,0.8588794937394443,0.02385482604866369,0.11726568021189214
10.03553135667077,160.2626853510842,0.9999999999999998,2.0896243660823,9.6499272248704e+21,2.527205877136108e+20,1.3175367304356388e+21,1.122018454301965e+22,1.1220184543019653e+22,log,0.8600506692088103,0.02252374608854668,0.11742558470264292
10.644015226207944,169.75667597311914,0.9999999999999998,2.080457226471453,1.084135586284997e+22,2.676918012839564e+20,1.4802064538077828e+21,1.2589254117941708e+22,1.2589254117941714e+22,log,0.8611595064555332,0.021263515596404766,0.11757697794806216
11.290319410412794,179.78566928575697,1.0,2.0714520588922882,1.2179025789906223e+22,2.8350666847274323e+20,1.6628429878485296e+21,1.4125375446227494e+22,1.4125375446227496e+22,log,0.8622089965869836,0.020070735079007064,0.11772026833400949
11.976802248462853,190.37956252636894,0.9999999999999998,2.062605593315808,1.368083023516314e+22,3.002123346736907e+20,1.867889354774274e+21,1.5848931924611105e+22,1.584893192461111e+22,log,0.8632020315462888,0.018942117746591127,0.11785585070711997
12.705963188644997,201.57003052970674,1.0,2.053914652424233,1.5366848327067013e+22,3.17858748399996e+20,2.098087024922216e+21,1.7782794100389225e+22,1.7782794100389228e+22,log,0.8641413852241964,0.01787451097985995,0.11798410379594361
13.480465075683888,213.3904155671578,1.0,2.0453761475710777,1.7259612267232453e+22,3.364984875702319e+20,2.3565123948861372e+21,1.9952623149688824e+22,1.995262314968883e+22,log,0.8650297325693553,0.016864874610508538,0.11810539282013598
14.303125346568246,225.87611593143194,1.0,2.036987074956614,1.938440639377951e+22,3.5618737227326154e+20,2.646617619630696e+21,2.2387211385683466e+22,2.238721138568347e+22,log,0.8658696279687501,0.015910305492583234,0.1182200665386667
15.176948978659743,239.06433932185075,0.9999999999999999,2.0287445120081857,2.1769603683028375e+22,3.7698407587786916e+20,2.972276556189474e+21,2.511886431509572e+22,2.511886431509572e+22,log,0.8666635326321448,0.01500800637914639,0.11832846098870883
16.105113912698037,252.99461145818935,0.9999999999999998,2.020645613955108,2.444704222099752e+22,3.989509270734161e+20,3.3378361645735283e+21,2.8183829312644464e+22,2.8183829312644493e+22,log,0.8674137907168469,0.014155313057279614,0.11843089622587351
17.091009754282386,267.708473804394,0.9999999999999997,2.012687610588222,2.7452448822569686e+22,4.221534332059196e+20,3.7481743459081813e+21,3.162277660168379e+22,3.1622776601683792e+22,log,0.8681226562852786,0.013349663709904638,0.11852768000481671
18.13822735594616,283.2499615437286,1.0,2.0048678031944625,3.082591320625894e+22,4.466610340040987e+20,4.2087646830945533e+21,3.548133892335759e+22,3.5481338923357603e+22,log,0.8687922762115959,0.01258861834298082,0.11861910544542323
19.25058467761273,299.66553780109984,1.0,1.9971835616571676,3.4612420862414586e+22,4.725469978535894e+20,4.725749195081671e+21,3.981071705534984e+22,3.981071705534985e+22,log,0.8694247032599806,0.011869843921590144,0.11870545281842934
20.432136113841327,317.0043041524699,1.0,1.9896323217131857,3.886245054670092e+22,4.9988875375233755e+20,5.3060199146429e+21,4.466835921509616e+22,4.466835921509617e+22,log,0.8700218953546637,0.011191115199579453,0.11878698944575679
21.68718990537027,335.3181075142005,1.0,1.9822115823581996,4.3632644858219e+22,5.287680598659783e+20,5.957310444642166e+21,5.0118723362727135e+22,5.011872336272714e+22,log,0.8705857198802518,0.01055030983209797,0.11886397028765036
23.020321522123876,354.6617314791498,0.9999999999999998,1.9749189033920513,4.898656254145915e+22,5.5927130524854387e+20,6.688298672327221e+21,5.623413251903491e+22,5.623413251903491e+22,log,0.8711179553606077,0.00994540646749079,0.11893663817190162
24.436390311532083,375.09306101277775,1.0,1.9677519030961914,5.499552265233333e+22,5.91489769554178e+20,7.50872202613191e+21,6.309573444801942e+22,6.309573444801943e+22,log,0.8716202946752392,0.00937448109176808,0.11900522423299266
25.940557552460405,396.67325079658684,1.0,1.960708256035758,6.173955175086252e+22,6.255198885003822e+20,8.429506799051096e+21,7.0794578438413995e+22,7.079457843841402e+22,log,0.8720943483627257,0.008835703274150264,0.11906994836312415
27.538308414223188,419.4668610957844,1.0,1.9537856909791276,6.930844674241097e+22,6.614634681197366e+20,9.46291326189718e+21,7.94328234724279e+22,7.94328234724279e+22,log,0.8725416485600412,0.0083273316898944,0.11913101975006431
29.235461176111077,443.5422143293388,1.0,1.9469819889281337,7.780296712195032e+22,6.994282470404679e+20,1.062269844438362e+22,8.91250938133744e+22,8.91250938133744e+22,log,0.8729636491027734,0.00784771400639479,0.119188636890832
31.038210485994178,468.9712672384544,1.0,1.9402949812524968,8.733617342658344e+22,7.395276949070372e+20,1.1924298878509528e+22,1e+23,1.0000000000000001e+23,log,0.8733617342658344,0.007395276949070373,0.11924298878509529
32.95312559951553,495.8301942131277,1.0,1.9337225479223261,9.803492799562425e+22,7.818819322363724e+20,1.3385035502335897e+22,1.1220184543019651e+23,1.1220184543019653e+23,log,0.8737372154597417,0.0069685300561549155,0.1192942544841034
34.987185473314156,524.1994470623681,0.9999999999999998,1.9272626158328932,1.100415796762788e+23,8.266178246704093e+20,1.5024343678467931e+22,1.2589254117941714e+23,1.2589254117941714e+23,log,0.8740913373052962,0.006566058774620696,0.1193426039200831
37.14781013293475,554.1639086859392,1.0,1.9209131572161857,1.2351585397434156e+23,8.738692253033245e+20,1.6864031262630102e+22,1.4125375446227497e+23,1.4125375446227497e+23,log,0.8744252812574216,0.00618652034156523,0.1193881984010133
39.44286448941963,585.8134926730734,1.0,1.914672188134041,1.386369732454659e+23,9.237779201975706e+20,1.892856808044761e+22,1.584893192461111e+23,1.584893192461111e+23,log,0.8747401648573091,0.00582864463417296,0.11943119050851794
41.88072858512908,619.2427967866582,1.0,1.908537767047974,1.5560603700310965e+23,9.764930819579937e+20,2.124541091882457e+22,1.778279410038922e+23,1.7782794100389228e+23,log,0.8750370505594721,0.005491224137474666,0.11947172530305325
44.470286478216266,654.5520043047919,1.0,1.9025079934610627,1.7464869087794844e+23,1.0321726910705976e+21,2.384536792786923e+22,1.9952623149688827e+23,1.9952623149688827e+23,log,0.8753169423774346,0.005173117756632891,0.11950993986593242
47.220969455485964,691.8470216099362,1.0,1.8965810066275508,1.9601812245187042e+23,1.0909837528689052e+21,2.6763007652095372e+22,2.238721138568347e+23,2.238721138568347e+23,log,0.8755807906348854,0.004873245417098195,0.11954596394801635
50.1428119016592,731.2394821388135,1.0,1.890754984326061,2.1999842284771924e+23,1.1531023037626099e+21,3.003711799947527e+22,2.511886431509571e+23,2.5118864315095718e+23,log,0.8758294964613769,0.004590582955096536,0.11957992058352665
53.24646152852832,772.8474669598659,1.0,1.885028141692567,2.4690835750139436e+23,1.2187145475267772e+21,3.371122107752371e+22,2.8183829312644484e+23,2.818382931264449e+23,log,0.8760639115516521,0.0043241623911624005,0.11961192605718557
56.54323639611196,816.7955936554343,1.0,1.879398730109507,2.7710559803617096e+23,1.288016995461462e+21,3.783415098520521e+22,3.1622776601683766e+23,3.162277660168379e+23,log,0.8762848421773829,0.004073067370664982,0.11964209045195202
60.04515914178366,863.2154932094865,1.0,1.8738650361476246,3.109914699805013e+23,1.361217218402987e+21,4.246070203467111e+22,3.5481338923357536e+23,3.5481338923357603e+23,log,0.8764930507618869,0.003836431374090258,0.11967051786402295
63.76498845243136,912.2463811139083,1.0,1.8684253805573552,3.49016279745004e+23,1.4385347473098607e+21,4.765235606118454e+22,3.9810717055349835e+23,3.9810717055349855e+23,log,0.876689257467425,0.0036134359130226916,0.11969730661955241
67.71628388286285,964.0352113383988,0.9999999999999999,1.8630781173067539,3.9168529226440014e+23,1.52020131606017e+21,5.347809857049944e+22,4.4668359215095975e+23,4.466835921509616e+23,log,0.8768741434586373,0.003403306821143338,0.11972254972021931
71.91344858519882,1018.7372138865636,1.0,1.8578216326631587,4.395654375159605e+23,1.6064617091317023e+21,6.001533440217915e+22,5.0118723362727135e+23,5.011872336272715e+23,log,0.8770483524384053,0.003205312508670989,0.11974633505292363
76.37179572979537,1076.5161647816467,1.0,1.8526543443159595,4.9329283581915986e+23,1.6975741873464103e+21,6.7350915183842634e+22,5.623413251903489e+23,5.623413251903491e+23,log,0.8772124930569231,0.0030187612243716792,0.11976874571870524
81.10755983090608,1137.5455041509765,1.0,1.8475747005380017,5.5358124022982136e+23,1.7938122509942446e+21,7.558229199937828e+22,6.309573444801938e+23,6.309573444801942e+23,log,0.8773671391144233,0.0028430008251541217,0.1197898600604226
86.13801936568588,1202.0079632951224,1.0,1.842581179383317,6.212315113201434e+23,1.89546405175301e+21,8.481880901224357e+22,7.0794578438414e+23,7.079457843841402e+23,log,0.8775128336424355,0.002677414137583886,0.11980975221998051
91.48151328801012,1270.096767370323,0.9999999999999998,1.8376722879190241,6.971422458074814e+23,2.0028342892159943e+21,9.518315462758146e+22,7.943282347242788e+23,7.94328234724279e+23,log,0.877650088882297,0.002521418982306732,0.11982849213539629
97.1574971726607,1342.0163578175989,1.0,1.8328465614893714,7.823217029419666e+23,2.1162453501010725e+21,1.0681298984167652e+23,8.912509381337441e+23,8.912509381337441e+23,log,0.8777793879018265,0.0023744663366441266,0.1198461457615294
103.18669549467505,1417.9818818659553,1.0,1.828102563010035,8.779011879664118e+23,2.2360365032407837e+21,1.1986277553034743e+23,1e+24,1e+24,log,0.8779011879664118,0.0022360365032407835,0.11986277553034742
109.59106770568948,1498.221350578877,0.9999999999999998,1.8234388822908982,9.851500648163955e+23,2.3625673026376255e+21,1.3450582218293186e+23,1.1220184543019651e+24,1.1220184543019652e+24,log,0.8780159194701315,0.002105640324879893,0.1198784402049886
116.3939729759909,1582.9751552876705,1.0,1.8188541353856609,1.1054926046773088e+24,2.4962168249206755e+21,1.5093659029194188e+23,1.2589254117941714e+24,1.2589254117941714e+24,log,0.8781239891740718,0.001982815504028284,0.11989319532189992
123.6201901741657,1672.4976797060874,1.0,1.8143469639667325,1.2405268873867046e+24,2.6373862115128577e+21,1.6937327102453137e+23,1.4125375446227488e+24,1.4125375446227496e+24,log,0.8782257803405972,0.0018671264502333872,0.11990709320916951
131.29606761482475,1767.0572534010507,1.0,1.8099160347239578,1.3920460117308652e+24,2.7864985952582605e+21,1.900606821349875e+23,1.584893192461111e+24,1.584893192461111e+24,log,0.878321654955952,0.0017581617540619436,0.119920183289986
139.4496062091689,1866.937138095266,1.0,1.8055600387858355,1.5620618923479457e+24,2.944000655737238e+21,2.1327351703523954e+23,1.7782794100389225e+24,1.7782794100389228e+24,log,0.8784119545722884,0.0016555332301085354,0.11993251219760312
148.11052596494545,1972.4368548047607,1.0,1.8012776911619501,1.7528319599866553e+24,3.110364712049131e+21,2.3931999027017803e+23,1.9952623149688825e+24,1.9952623149688828e+24,log,0.8784970010391802,0.001558875085603789,0.11994412387521607
157.31038025613142,2083.872996201959,1.0,1.7970677302054527,1.9668891206280843e+24,3.2860900038395597e+21,2.685459279364211e+23,2.238721138568345e+24,2.238721138568347e+24,log,0.8785770977647996,0.0014678424870464232,0.11995505974815397
167.08271829134833,2201.579546510946,1.0,1.7929289170944769,2.2070753709940966e+24,3.471703195747976e+21,3.0133935731972733e+23,2.511886431509572e+24,2.511886431509572e+24,log,0.8786525311447728,0.0013821099362607654,0.11996535891896631
177.46314988112775,2325.9096470407576,1.0,1.788860035331462,2.4765795138165297e+24,3.667761161503096e+21,3.3813565628641685e+23,2.818382931264449e+24,2.818382931264449e+24,log,0.8787235710036849,0.0013013707686121909,0.1199750582277031
188.48956138481293,2457.235524959217,1.0,1.7848598902594244,2.77897947791246e+24,3.874850871605313e+21,3.794233313843145e+23,3.1622776601683796e+24,3.1622776601683796e+24,log,0.8787904721068958,0.0012253354347761453,0.11998419245832816
200.20210678954106,2595.95153431428,0.9999999999999999,1.7809273085942667,3.1182897977595624e+24,4.093594188758027e+21,4.25750500387439e+23,3.5481338923357594e+24,3.5481338923357605e+24,log,0.8788534740741625,0.0011537315989118967,0.11999279432692568
212.64347466960783,2742.4737558032593,1.0,1.7770611379722911,3.499014891745288e+24,4.3246472367378494e+21,4.7773216655295666e+23,3.9810717055349824e+24,3.9810717055349857e+24,log,0.878912803022493,0.0010863022715027176,0.12000089470600436
225.85904865202934,2897.2411942267404,1.0,1.7732602465121265,3.9262088390611257e+24,4.5687022886772843e+21,5.360583801598124e+23,4.4668359215096154e+24,4.4668359215096164e+24,log,0.8789686722440033,0.0010228050389487426,0.12000852271704793
239.89697904048978,3060.71830393069,1.0,1.769523522390331,4.4055424488414256e+24,4.826491749471597e+21,6.015033956818159e+23,5.011872336272714e+24,5.011872336272715e+24,log,0.8790212825169026,0.0009630117101228914,0.12001570577297442
254.8085173828048,3233.3943468422103,1.0,1.7658498734299857,4.943378517796837e+24,5.098787143455928e+21,6.749359469631949e+23,5.623413251903488e+24,5.62341325190349e+24,log,0.8790708234226847,0.0009067068193378856,0.12002246975797726
270.64789673932125,3415.7887603830377,1.0,1.7622382267016308,5.546856262220895e+24,5.386407579147107e+21,7.57330775001893e+23,6.309573444801936e+24,6.309573444801943e+24,log,0.8791174729554189,0.0008536880704011191,0.12002883897417986
287.47294947935114,3608.4473786324947,1.0,1.7586875281359438,6.223986065859097e+24,5.690213790339896e+21,8.49781564191962e+23,7.079457843841399e+24,7.079457843841402e+24,log,0.8791613995234819,0.000803764061578523,0.12003483641493942
305.34499447394927,3811.9481795453303,1.0,1.755196742147596,6.983755774909499e+24,6.011117198979394e+21,9.535154551343103e+23,7.943282347242789e+24,7.943282347242789e+24,log,0.8792027614797863,0.0007567548195068159,0.12004048370070682
324.3291628198252,4026.901714704095,1.0,1.7517648512697541,7.836249971326187e+24,6.35008059284389e+21,1.0699093294184021e+24,8.912509381337432e+24,8.912509381337441e+24,log,0.8792417080351236,0.0007124907611475616,0.12004580120372889
344.494702404286,4253.95211091266,1.0,1.748390855798739,8.792783798945646e+24,6.708119704972424e+21,1.200508081349379e+24,9.999999999999999e+24,1e+25,log,0.8792783798945647,0.0006708119704972425,0.12005080813493792
365.9150343461225,4493.781428437014,0.9999999999999998,1.7450737734483714,9.866053114382985e+24,7.086310086238854e+21,1.3470451185504236e+24,1.122018454301965e+25,1.1220184543019654e+25,log,0.8793129093871186,0.0006315680512266994,0.1200555225616546
388.66835148375316,4747.107624644198,0.9999999999999999,1.7418126390135735,1.1070302968718493e+25,7.485783894184129e+21,1.5114653653290318e+24,1.2589254117941707e+25,1.2589254117941714e+25,log,0.8793454215005109,0.000594616950619472,0.12005996154886978
412.83757433371136,5014.690767636222,1.0,1.7386065040428167,1.2421516635267567e+25,7.907739691387064e+21,1.6959510712685321e+24,1.4125375446227486e+25,1.4125375446227497e+25,log,0.879376033759515,0.0005598250978524618,0.12006414114263247
438.510700891115,5297.334698739402,1.0,1.7354544365190316,1.393762770959423e+25,8.353445067068253e+21,1.9029507699499322e+24,1.584893192461123e+25,1.5848931924611239e+25,log,0.8794048567999081,0.0005270667516778523,0.12006807644841411
465.78149100688745,5595.88505086712,1.0,1.7323555205486283,1.5638758094976236e+25,8.824233512217142e+21,2.1352117719007555e+24,1.7782794100389209e+25,1.7782794100389228e+25,log,0.8794319951460245,0.0004962231167049281,0.12007178173727055
494.74920112544925,5911.239125394585,0.9999999999999998,1.7293088560582766,1.754748500970282e+25,9.321519994581221e+21,2.395816619991425e+24,1.9952623149688826e+25,1.995262314968883e+25,log,0.8794575469128972,0.0004671826819285461,0.12007527040517424
525.5196335627286,6244.340312534528,1.0,1.7263135584991416,1.9689140597304715e+25,9.846792160074355e+21,2.6882239962186704e+24,2.238721138568346e+25,2.238721138568347e+25,log,0.8794816048369404,0.0004398400493225941,0.12007855511373693
558.2047511392747,6596.190144764411,1.0,1.7233687585582709,2.2092148069353325e+25,1.0401629340003526e+22,3.016314616402374e+24,2.5118864315095705e+25,2.5118864315095717e+25,log,0.8795042559339193,0.0004140963225695061,0.12008164774351111
592.923816282319,6967.842582206558,1.0,1.7204736018768505,2.478839889057816e+25,1.098769353960069e+22,3.3844427285269386e+24,2.81838293126447e+25,2.8183829312644723e+25,log,0.8795255824039788,0.00038985807846455596,0.12008455951755659
629.8032909105701,7360.413525631157,0.9999999999999999,1.717627248775073,2.781367596543105e+25,1.1606744439217224e+22,3.797493891813519e+24,3.1622776601683786e+25,3.1622776601683795e+25,log,0.8795456615264481,0.00036703748647420203,0.1200873009870777
668.9778708452217,7775.0774330048,1.0,1.7148288739833588,3.1208128480729698e+25,1.2260634058909544e+22,4.2609498085689615e+24,3.5481338923357567e+25,3.5481338923357606e+25,log,0.879564566267966,0.0003455516175811026,0.12008988211445296
710.5899450029376,8213.08287741661,0.9999999999999998,1.7120776663797073,3.5016804661008224e+25,1.2951331291961766e+22,4.780961063049656e+24,3.981071705534985e+25,3.9810717055349854e+25,log,0.8795823650280772,0.00032532273342264105,0.12009231223850012
754.7915666775376,8675.739393254938,1.0,1.7093728287329484,3.929024957232555e+25,1.3680901162428212e+22,5.364428741608181e+24,4.466835921509616e+25,4.466835921509617e+25,log,0.8795991225719118,0.0003062772262699231,0.12009460020181834
801.7437650352878,9164.435851326018,1.0,1.706713577451688,4.408517582319896e+25,1.4451533801128395e+22,6.019096005727432e+24,5.011872336272752e+25,5.0118723362727555e+25,log,0.8796148996880553,0.0002883460078689029,0.12009675430407582
851.6178401942967,9680.636431620489,1.0,1.7040991423387526,4.946521613761718e+25,1.5265538095043362e+22,6.753650843322667e+24,5.62341325190349e+25,5.6234132519034905e+25,log,0.8796297537064971,0.0002714639207758042,0.12009878237272709
904.595257540635,10225.893342774383,1.0,1.7015287663509429,5.550176773194034e+25,1.6125361744820912e+22,7.577841354334255e+24,6.309573444801942e+25,6.309573444801943e+25,log,0.8796437384791002,0.00025556976055339487,0.12010069176034648
960.8693025329047,10801.840164635898,1.0,1.6990017053639237,6.227493975039367e+25,1.7033580766571155e+22,8.502605107253751e+24,7.079457843841399e+25,7.0794578438414025e+25,log,0.8796569048655078,0.00024060572352145726,0.1201024894109707
1020.6453519771198,11410.201748943124,1.0,1.696517227942078,6.9874616281080015e+25,1.7992915104390955e+22,9.540214276243459e+24,7.943282347242787e+25,7.943282347242788e+25,log,0.8796693007561839,0.00022651738057172954,0.12010418186324431
1084.1409929255083,12052.806413812488,1.0,1.6940746151131738,7.840164907805763e+25,1.9006247860032288e+22,1.070443848745747e+25,8.912509381337512e+25,8.912509381337514e+25,log,0.8796809711328661,0.0002132536084599329,0.12010577525867401
1151.5879299228118,12731.578944230127,1.0,1.6916731601476882,8.796919584620897e+25,2.0076614255274023e+22,1.2010727539535733e+25,9.999999999999997e+25,1e+26,log,0.8796919584620899,0.0002007661425527403,0.12010727539535736
